dag_tolerance,ace_abs_err-0,ace_abs_err-1,ace_abs_err-2,ace_abs_err-3,ace_abs_err-4,ace_abs_err-5,ace_abs_err-6,ace_abs_err-7,ace_abs_err-8,ace_abs_err-9,ace_abs_err-10,ace_abs_err-11,ace_abs_err-12,ace_abs_err-13,ace_abs_err-14,ace_abs_err-15,ace_abs_err-16,ace_abs_err-17,ace_abs_err-18,ace_abs_err-19,max-metric-0,max-metric-1,max-metric-2,max-metric-3,max-metric-4,max-metric-5,max-metric-6,max-metric-7,max-metric-8,max-metric-9,max-metric-10,max-metric-11,max-metric-12,max-metric-13,max-metric-14,max-metric-15,max-metric-16,max-metric-17,max-metric-18,max-metric-19,h_notears-0,h_notears-1,h_notears-2,h_notears-3,h_notears-4,h_notears-5,h_notears-6,h_notears-7,h_notears-8,h_notears-9,h_notears-10,h_notears-11,h_notears-12,h_notears-13,h_notears-14,h_notears-15,h_notears-16,h_notears-17,h_notears-18,h_notears-19,ace_abs-0,ace_abs-1,ace_abs-2,ace_abs-3,ace_abs-4,ace_abs-5,ace_abs-6,ace_abs-7,ace_abs-8,ace_abs-9,ace_abs-10,ace_abs-11,ace_abs-12,ace_abs-13,ace_abs-14,ace_abs-15,ace_abs-16,ace_abs-17,ace_abs-18,ace_abs-19
1e-15,0.0003491042790438881,9.07488279595796e-07,7.072103729854895e-07,6.982758952045476e-05,1.836957847192764e-06,9.494820776834167e-07,7.836985819187348e-07,0.00036545848104108103,0.00020678918642502708,4.2536231263490265e-05,0.00020999153073164578,0.00011614856815866936,0.00033653626723939567,0.0,9.931947604852054e-05,0.0002740303451780335,0.0002801098148611514,8.785259098879726e-07,4.7183000653633627e-07,2.658624514983998e-07,0.00047146097376916615,0.0006806437364819118,0.00018771583344179277,0.00037966096327823884,0.0005449126922492109,0.0003478672303564023,0.0002569856962386652,0.00036687500752641267,0.00028256524700172574,0.0007635807669011288,0.00010040106868447474,0.0001161485681593355,0.0006208788180807099,9.492788991782852e-05,0.0003200548377184642,0.00016119534519387635,0.0005019889887998286,0.0003011993552055614,0.0004466517510115697,0.0004825575254054777,8.117950756059145e-13,7.780442956573097e-13,6.572520305780927e-13,8.606448886894214e-13,8.189005029635155e-13,7.078782005009998e-13,7.86926079854311e-13,9.423573033018329e-13,6.119549311733863e-13,9.352518759442319e-13,8.499867476530198e-13,9.814371537686384e-13,8.544276397515205e-13,8.739675649849232e-13,8.86402062860725e-13,9.237055564881302e-13,9.325873406851315e-13,9.9298347322474e-13,6.332712132461893e-13,7.833733661755105e-13,0.7101770663399238,9.07488279595796e-07,7.072103727079337e-07,6.982758952078782e-05,1.836957847192764e-06,9.494820781136282e-07,7.836985816966902e-07,0.5369833828444808,0.5805093873547365,1.2574869005073133,1.9562640776437172,1.6670386458928854,3.061956499743714,0.0,9.93194760477989e-05,2.184016267407258,0.00028010981486192854,8.785259098879726e-07,4.7183000653633627e-07,0.7722771332855918
2.222996482526191e-15,0.00045617325106894757,9.600517232793945e-07,7.825891902291104e-07,5.087803451819806e-06,1.8283962435077422e-06,1.032082378393806e-06,8.461660132574877e-07,0.00013112674795179302,0.0001534677708286969,1.2674033185389177e-05,0.00038663954559203795,4.852785832598627e-05,0.00024611013800823756,0.0,0.00010360620815100252,0.0003184175163282177,0.00033502511259686507,8.722931533650959e-07,4.642752278170327e-07,2.335814430987071e-06,0.0007604477856707298,0.0005159349372252375,0.000391439229079138,0.00017334908549027084,0.0008303623332067689,0.0003095302629513297,0.0005073279059708558,0.0004697958092199084,0.00019376063931078691,0.000751409791863464,0.00014296547434100582,4.852785832731854e-05,0.0004854500749165109,0.00021683807661165844,0.00033257461906943675,0.00018407192355107682,0.00039154250647399635,0.0006921539913653518,0.0015345176330917546,0.0004998452504020397,8.100187187665142e-13,8.748557434046234e-13,8.046896482483135e-13,5.719869022868806e-13,8.171241461241152e-13,8.348877145181177e-13,9.450218385609332e-13,8.553158181712206e-13,7.140954494389007e-13,9.272582701669307e-13,6.981082378842984e-13,9.805489753489383e-13,9.414691248821327e-13,8.57980353430321e-13,8.72191208145523e-13,5.915268275202834e-13,9.414691248821327e-13,9.9298347322474e-13,6.084022174945858e-13,9.627854069549358e-13,0.7100699973678988,9.600517232793945e-07,7.825891899515547e-07,5.087803451486739e-06,1.8283962435077422e-06,1.0320823788240174e-06,8.461660130354431e-07,0.5372177145775701,0.5805627087703328,1.2575421107717621,1.9560874296288568,1.667106266602718,3.062046925872945,0.0,0.00010360620815028088,2.1839718802361077,0.00033502511259764223,8.722931533650959e-07,4.642752278170327e-07,0.7722745316087093
4.9417133613238385e-15,0.0003483763662426309,9.107631259344125e-07,7.850669498932206e-07,0.0001385473648531088,1.9924484508690134e-06,9.257202493034855e-07,8.544654047648592e-07,0.0003736550591193488,0.0001911491544026589,0.00025557023543143487,0.0003562216284178632,4.615781243599848e-05,0.000802837018676783,0.0,4.382589380483304e-05,0.00027820312370741007,0.0003824043290813206,8.756319948971243e-07,4.6176802616723503e-07,3.1132958622226425e-07,0.0006419701359294983,0.0005778918464989236,0.00022647901735872722,0.0003631405742723359,0.0005272896993574472,0.0003143003094074892,0.0004847905228133609,0.0005469727005719127,0.00019095920966027968,0.0008205984133576183,0.00013239626103356272,4.6157812436664614e-05,0.000894676266888578,8.277126376521338e-05,0.00033068328013241555,0.00018514505352928978,0.0005704485547246563,0.0006833042949585533,0.0010517551079496608,0.00043023475099228446,6.608047442568932e-13,7.833733661755105e-13,8.064660050877137e-13,8.606448886894214e-13,9.618972285352356e-13,6.830092047493963e-13,9.654499422140361e-13,9.476863738200336e-13,6.084022174945858e-13,9.947598300641403e-13,8.517631044924201e-13,7.229772336359019e-13,8.01136934569513e-13,7.336353746723034e-13,9.086065233532281e-13,6.181721801112872e-13,9.441336601412331e-13,9.965361869035405e-13,6.004086117172847e-13,9.627854069549358e-13,0.7101777942527251,9.107631259344125e-07,7.850669496156648e-07,0.00013854736485344188,1.9924484508690134e-06,9.257202497336969e-07,8.544654045428146e-07,0.5369751862664025,0.5805250273867588,1.2572738665031453,1.956117847546031,1.667108636648608,3.0614901989922765,0.0,4.382589380411139e-05,2.1840120946287285,0.00038240432908209776,8.756319948971243e-07,4.6176802616723503e-07,0.7722765560935541
1.0985411419875573e-14,0.0003946798518882355,9.799657263937654e-07,7.850635293515928e-07,3.170507701452663e-05,1.8300064887948338e-06,1.0334427286429193e-06,8.504251917118566e-07,0.000337962516032686,0.00020162321195227317,0.0002555805403381406,0.0004656037027068738,0.00011619839245446961,0.00022180473109578713,0.0,1.5666142326731247e-05,0.000326375561990222,0.0002552065950197635,8.65067312112494e-07,4.617773952580789e-07,7.889043890374481e-07,0.0005141772556538514,0.000513766697157525,0.00024521275780142737,0.00030785583206283107,0.0005190734667107622,0.0002914294921732008,0.0004814134737842757,0.0007836812483414946,0.00027936279840198126,0.0008215256917914214,0.00019221923773016236,0.00011619839245535779,0.0005582724881731233,0.0001132833920931553,0.00032425789730061716,0.00019268860163812462,0.0004837227201837102,0.0003905678523827838,0.0008134655642885139,0.00039443534112670875,6.581402089977928e-13,9.041656312547275e-13,8.064660050877137e-13,9.36140054363932e-13,8.197886813832156e-13,8.375522497772181e-13,9.556799795973347e-13,9.485745522397337e-13,6.084022174945858e-13,1.0107470416187425e-12,8.482103908136196e-13,8.57980353430321e-13,8.020251129892131e-13,7.371880883511039e-13,8.588685318500211e-13,9.254819133275305e-13,9.43245481721533e-13,9.663381206337363e-13,6.039613253960852e-13,8.970602038971265e-13,0.7101314907670795,9.799657263937654e-07,7.850635290740371e-07,3.1705077014859695e-05,1.8300064887948338e-06,1.0334427290731307e-06,8.50425191489812e-07,0.5370108788094892,0.5805145533292092,1.2572738561982386,1.956008465471742,1.6670385960685896,3.0620712312798575,0.0,1.5666142326009602e-05,2.1839639221904457,0.00025520659502054066,8.65067312112494e-07,4.617773952580789e-07,0.7722776563275293
2.4420530945486547e-14,0.0004629165632947796,9.148297885141686e-07,7.92529950222054e-07,5.262270989705997e-05,1.8365496689852826e-06,9.494002763676956e-07,8.227872304589212e-07,0.00023354752963988812,0.00010085916945923312,0.0001285573524150152,0.00031192353686360086,9.323643851621988e-05,3.1741552056985256e-05,0.0,4.472504807043198e-05,0.0003298483787599338,0.00038089967779508793,7.117802532955611e-07,5.726719966047994e-07,1.087611753691764e-05,0.0007667149670476403,0.0004902450758647037,0.00031582577746580576,0.0003432545873802706,0.0005386801676374731,0.00025479161565966635,0.0006251728901911502,0.0005046169472535667,0.0001350815749908474,0.0008201119445517868,0.00015680961465447396,9.32364385173301e-05,0.0008037127723951064,9.493010598338181e-05,0.0003312109629174387,0.00021955422240704792,0.0005695715727547235,0.00018686952249558075,0.0008536549187900924,0.00048509643995921085,8.197886813832156e-13,7.895906151134113e-13,8.286704655802168e-13,8.641976023682219e-13,8.189005029635155e-13,7.185363415374013e-13,8.93507490218326e-13,9.521272659185342e-13,6.146194664324867e-13,9.343636975245317e-13,7.194245199571014e-13,1.0134115768778429e-12,8.064660050877137e-13,7.496225862269057e-13,8.100187187665142e-13,9.263700917472306e-13,8.757439218243235e-13,6.554756737386924e-13,9.485745522397337e-13,9.023892744153272e-13,0.7100632540556729,9.148297885141686e-07,7.925299499444982e-07,5.262270989739304e-05,1.8365496689852826e-06,9.494002767979071e-07,8.227872302368766e-07,0.537115293795882,0.5806153173717022,1.2574008793861617,1.9561621456375853,1.6670615580225279,3.0622612944588963,0.0,4.472504806971034e-05,2.183960449373676,0.0003808996777958651,7.117802532955611e-07,5.726719966047994e-07,0.7722877435406772
5.4286754393238596e-14,0.00045649887288090607,9.837396315714077e-07,8.891516549702771e-07,0.0001391233690568039,2.0114736134681712e-06,1.0417755569730458e-06,8.407010596567233e-07,0.00036490726370774773,7.193520588888447e-05,0.00021326626561379847,0.0003654436447042553,5.8102615488664355e-05,0.00013643107821392775,0.0,4.403975974756613e-05,0.0002945202001982672,0.0002584516161785455,7.141644219547504e-07,5.83179742353506e-07,5.267901074912373e-06,0.0007619361494366095,0.00063638330052318,0.0002762539663072605,0.00036366340424476284,0.00047089480726447697,0.00036026070706940416,0.000622433497077024,0.0005552357208525871,0.00013693026383861516,0.0006861410896352452,0.00013621792328710747,5.810261549044071e-05,0.0006991946615236498,0.00021664207649418898,0.0006043879734818347,0.00020855090049076708,0.0004943328306015182,0.0001833847903842667,0.0008116187699276628,0.0003513177393974466,1.0542677841840487e-12,9.130474154517287e-13,1.0338396805309458e-12,8.686384944667225e-13,9.805489753489383e-13,8.499867476530198e-13,9.121592370320286e-13,9.654499422140361e-13,1.048938713665848e-12,9.396927680427325e-13,8.597567102697212e-13,1.0258460747536446e-12,8.331113576787175e-13,8.748557434046234e-13,8.215650382226158e-13,9.316991622654314e-13,8.828493491819245e-13,6.59916565837193e-13,9.556799795973347e-13,9.707790127322369e-13,0.7100696717460868,9.837396315714077e-07,8.891516546927214e-07,0.00013912336905713696,2.0114736134681712e-06,1.0417755574032572e-06,8.407010594346787e-07,0.5369839340618141,0.5806442413352726,1.257316170472963,1.9561086255297446,1.6670966918455554,3.0621566049327393,0.0,4.403975974684449e-05,2.1839957775522376,0.00025845161617932266,7.141644219547504e-07,5.83179742353506e-07,0.7722821353242152
1.2067926406393265e-13,0.0005239112745191177,1.0013121729835515e-06,8.924510335184266e-07,6.0258676278734935e-05,2.0403338245219405e-06,1.1750250509950932e-06,8.387582003388516e-07,0.0002154298822918399,0.00015870328399802958,0.0002547780987669501,0.0003813257080234056,5.810545738338391e-05,0.0007671263011168605,0.0,7.19468654728217e-05,0.0002953213811536237,0.000236490427624525,7.211179357952395e-07,5.757160151299997e-07,4.81727062051629e-06,0.0006261949616695109,0.0006552375442260283,0.0002590814376246531,0.0003099840647020624,0.000689280530148717,0.00048129374287097485,0.000499984730364389,0.000513985534288941,0.0002053166893081794,0.0008236194710520883,0.00014151482861390896,5.8105457385160264e-05,0.0007193342888531462,0.00021623678886117936,0.0003888923883272888,0.00020835857529877266,0.00024900903859670365,0.0003670400298056986,0.0008620191404176611,0.00042905839359230606,1.048938713665848e-12,9.450218385609332e-13,1.0480505352461478e-12,8.784084570834239e-13,1.007194327939942e-12,1.0871303857129533e-12,9.29034627006331e-13,9.983125437429408e-13,1.0800249583553523e-12,9.547918011776346e-13,1.0960121699099545e-12,1.0524914273446484e-12,8.189005029635155e-13,9.015010959956271e-13,1.1022294188478554e-12,9.43245481721533e-13,9.07718344933528e-13,6.696865284538944e-13,9.610090501155355e-13,9.414691248821327e-13,0.7100022593444486,1.0013121729835515e-06,8.924510332408708e-07,6.0258676279068e-05,2.0403338245219405e-06,1.1750250514253047e-06,8.38758200116807e-07,0.53713341144323,0.5805574732571634,1.2572746586398098,1.9560927434664255,1.6670966890036607,3.0615259097098364,0.0,7.194686547210005e-05,2.1839949763712823,0.00023649042762530215,7.211179357952395e-07,5.757160151299997e-07,0.7722720501525198
2.682695795279727e-13,0.00040323831867838944,1.0387992268605817e-06,9.012755857185084e-07,4.001135734149619e-05,2.0984260144717794e-06,1.1882828269277335e-06,9.741001978369468e-07,0.00019926415851068136,0.0001501918791620982,0.00025581712327116257,0.0003241362637798062,5.81084215083294e-05,0.00026973840189414844,0.0,9.921135772145151e-05,0.00032643041243352044,0.00037732544057766937,9.710869038304603e-07,5.913129562789556e-07,9.189854955904408e-07,0.0006433063568325874,0.0005799910764661131,0.00034395025528066725,0.00030248600072591003,0.00043471938243411223,0.0003070193358981621,0.0005037010111261786,0.0005071639848059917,0.00019478228448333024,0.0008214629405280246,0.00010756936709621634,5.810842150943962e-05,0.0006919388584162536,0.00015251795025550408,0.0003198672233497568,0.00019368242410311431,0.0005631879822629582,0.00032261337351857655,0.000444034729523861,0.0004788232407400128,1.092459456231154e-12,1.0178524689763435e-12,1.0658141036401503e-12,8.988365607365267e-13,1.0693668173189508e-12,1.1048939541069558e-12,1.2541079286165768e-12,1.0729195309977513e-12,1.156408302449563e-12,9.71667191151937e-13,1.1191048088221578e-12,7.203126983768016e-13,8.348877145181177e-13,1.127986593019159e-12,1.149302875091962e-12,9.663381206337363e-13,1.2398970739013748e-12,1.2283507544452732e-12,9.876544027065393e-13,1.0027534358414414e-12,0.7101229323002893,1.0387992268605817e-06,9.012755854409527e-07,4.001135734182926e-05,2.0984260144717794e-06,1.1882828273579449e-06,9.741001976149022e-07,0.5371495771670112,0.5805659846619994,1.2572736196153056,1.956149932910669,1.6670966860395358,3.062023297609059,0.0,9.921135772072986e-05,2.1839638673400024,0.0003773254405784465,9.710869038304603e-07,5.913129562789556e-07,0.7722759484376447
5.963623316594636e-13,0.0005208388182970092,1.2544925802158682e-06,9.235530772366829e-07,0.00013831930886334942,2.4535538092226275e-06,1.2108757343476384e-06,1.0161550799692165e-06,0.0001781756856008565,0.000172399811708579,0.00021346412993406005,0.0003245733300025755,5.8172761518537897e-05,0.0006974875743237519,0.0,3.920509776703107e-05,0.00017054100924696058,0.00040029792649609597,1.0368307573097003e-06,5.957287290005815e-07,9.105772017514724e-07,0.000642171789106397,0.0005857851605181041,0.00028139737891463845,0.0003632474208821179,0.00041798929342673485,0.00040151922233046613,0.0005132269090810659,0.0005062249881770953,0.0001721182593896753,0.0006866981730392516,0.00010778323803384282,5.817276152009221e-05,0.0008728660720458649,0.00011264947170874784,0.0005108386534244946,8.535357310335279e-05,0.0006129179087108749,0.0004286873048107154,0.0015129244068027906,0.000370764292979775,1.1226575225009583e-12,1.4859224961583095e-12,1.1235457009206584e-12,9.43245481721533e-13,1.4628298572461063e-12,1.1590728377086634e-12,1.3642420526593924e-12,1.5614176618328202e-12,1.326938559031987e-12,1.0160761121369433e-12,1.163513729807164e-12,1.5223378113660146e-12,8.810729923425242e-13,1.5480949855373183e-12,1.4495071809506044e-12,1.0089706847793423e-12,1.5631940186722204e-12,1.4015455462867976e-12,1.0302869668521453e-12,1.3802292642139946e-12,0.7100053318006707,1.2544925802158682e-06,9.235530769591271e-07,0.0001383193088636825,2.4535538092226275e-06,1.2108757347778498e-06,1.016155079747172e-06,0.537170665639921,0.5805437767294529,1.2573159726086427,1.9561494958444463,1.6670966216995255,3.0615955484366295,0.0,3.920509776630943e-05,2.184119756743189,0.0004002979264968731,1.0368307573097003e-06,5.957287290005815e-07,0.7722759568459385
1.3257113655901109e-12,0.0005320713803089738,1.2248866998266356e-06,9.606901134606716e-07,4.8843831133738025e-05,2.944070432574555e-06,1.2658157911293877e-06,1.1351631930001105e-06,0.0003665187563464123,0.00017692834126448176,0.00010024355197835177,0.0004427485364029149,5.8109346094736836e-05,0.0006524469650557307,0.0,0.0001235689947917673,0.0002965831049488443,0.00036927412337117715,1.283227696667979e-06,9.07805151244799e-07,1.0543339421520415e-06,0.0006858433336842856,0.000524450364349005,0.0002773845470180891,0.00036754398191751747,0.0003639049341834788,0.0003617522262087114,0.0005930230871218356,0.0005590497215814949,0.00025148793144585697,0.00033426088124605954,0.00016504897271762964,5.810934609629115e-05,0.0008731206550752679,0.0001442593774434453,0.00039810415301877455,0.00021693655203725015,0.0005454989540558675,0.00037135663919918294,0.0013022232168118275,0.0003837705680388436,1.2150280781497713e-12,1.4157564010019996e-12,1.2070344723724702e-12,1.4583889651476056e-12,2.106759211528697e-12,1.255884285455977e-12,1.70263803056514e-12,2.164490808809205e-12,2.304822999121825e-12,2.2719603975929203e-12,1.9033663534173684e-12,2.176037128265307e-12,1.3677947663381929e-12,1.9273471707492718e-12,1.5649703755116207e-12,2.255973186038318e-12,1.6608936448392342e-12,2.1440627051561023e-12,2.3003821070233244e-12,2.298605750183924e-12,0.7099940992386587,1.2248866998266356e-06,9.606901131831158e-07,4.884383113407109e-05,2.944070432574555e-06,1.2658157915595991e-06,1.1351631927780659e-06,0.5369823225691754,0.580539248199897,1.2574291931865984,1.956031320638046,1.6670966851149494,3.0616405890458975,0.0,0.00012356899479104566,2.183993714647487,0.0003692741233719543,1.283227696667979e-06,9.07805151244799e-07,0.7722779217570824
2.9470517025518096e-12,0.0004534104889378776,2.0037100740704934e-06,1.384784104885295e-06,5.605478115619511e-05,3.3982582636451876e-06,1.8209971792138013e-06,1.4107273604846426e-06,0.0003738773030422804,0.0001317276166349357,4.239463856858805e-05,0.00045001249037879276,5.802888636785575e-05,0.0007606217008886418,0.0,6.264271842087998e-05,0.0003301417504277815,0.0002048826224456679,1.5287085714617212e-06,1.176978965289669e-06,9.093843564733639e-06,0.0007646890848742041,0.0005279023237129143,0.00019206668390636672,0.000373403942154793,0.0004926564357414787,0.0002206815154373043,0.000479217705126711,0.0005481093353685296,0.00013135143063081056,0.0007632264394094195,0.00016758689666507287,5.8028886368743926e-05,0.0007264402268204138,0.0001164587225894742,0.00031097525708490004,0.00019260745941007684,0.0003957985171905154,0.00035979665180430054,0.001651205190010648,0.00034658680951928696,2.5366375666635577e-12,3.779199175824033e-12,2.5215385335286555e-12,3.8475889141409425e-12,2.828848266744899e-12,2.5996982344622666e-12,2.630784479151771e-12,2.8110846983508964e-12,2.3723245590190345e-12,2.9238833576528123e-12,2.9256597144922125e-12,3.1388225352202426e-12,3.61577434659921e-12,3.1956659540810506e-12,2.4078516958070395e-12,2.5632829192545614e-12,2.574829238710663e-12,3.0171420917213254e-12,3.907096868260851e-12,2.829736445164599e-12,0.7100727601300298,2.0037100740704934e-06,1.3847841046077392e-06,5.605478115652818e-05,3.3982582636451876e-06,1.8209971796440128e-06,1.410727360262598e-06,0.5369749640224796,0.5805844489245265,1.2574870421000082,1.95602405668407,1.6670967655746762,3.0615324143100646,0.0,6.264271842015834e-05,2.183960156002008,0.00020488262244644506,1.5287085714617212e-06,1.176978965289669e-06,0.772285961266705
6.551285568595496e-12,0.0004482466999367052,2.3536814374745565e-06,2.299856606102768e-06,6.619057772605519e-05,4.402609623157388e-06,2.6215975895277355e-06,2.3066177281538813e-06,0.00016007772839821133,0.00010413981042578513,3.746449252051143e-05,0.0004393839819072376,5.6936576829258456e-05,0.00039884683215163363,0.0,5.4953532503065894e-05,0.00032822751734418176,0.0003055552680031326,2.329412429784549e-06,1.5166611248302458e-06,4.798205842537762e-06,0.0006483264369806873,0.0005178406226551413,0.00026894366555296756,0.00018730915648279556,0.0003964432168441778,0.0003099210372425887,0.0005406171951376493,0.0004804257009719537,0.00014166489003084376,0.0007496443867117445,0.00016566072693469103,5.6936576830146635e-05,0.0007152176342769974,0.00016662792152843942,0.00034073601200956816,0.00019555131720405683,0.00038769153955575675,0.00032907682607130617,0.001570341319836999,0.00047407900337505406,7.504219468046358e-12,5.242029033070139e-12,6.9322325657594774e-12,5.949019055151439e-12,4.710898338089464e-12,5.38769029390096e-12,7.006839553014288e-12,6.10178574333986e-12,6.588507517335529e-12,6.391331908162101e-12,5.46052092431637e-12,4.89297491412799e-12,5.990763440877345e-12,4.9462656193099974e-12,5.349498621853854e-12,6.787459483348357e-12,6.821210263296962e-12,7.014833158791589e-12,6.497913318526116e-12,7.013056801952189e-12,0.710077923919031,2.3536814374745565e-06,2.2998566058252123e-06,6.619057772638826e-05,4.402609623157388e-06,2.621597589957947e-06,2.3066177279318367e-06,0.5371887635971236,0.5806120367307357,1.2575669012310973,1.9560346851925416,1.6670978578842148,3.0618941891788016,0.0,5.495353250234425e-05,2.1839620702350917,0.00030555526800390975,2.329412429784549e-06,1.5166611248302458e-06,0.7722816656289828
1.4563484775012445e-11,0.0004026084640572636,4.044370354810658e-06,2.9708072777356875e-06,6.375020980925461e-05,7.150817779310345e-06,3.9061322097688755e-06,2.9656567193114824e-06,0.00015380724706237636,0.00021307845959073202,0.0001538742773687929,0.0004224315825505087,5.807615847586156e-05,0.0007350515832382776,0.0,2.5055908813159666e-05,0.00032669505681459654,0.00020600963917338788,3.188795290989257e-06,1.9587786450347175e-06,2.3511594445801975e-06,0.0005624617985421584,0.0004235410344676227,0.000252310021563229,0.00038452382206100033,0.0005406166017071223,0.0004880734917327434,0.0006148440134134958,0.0004995077826214223,0.00021222323820746514,0.0007786954301880921,0.0001494168073321589,5.807615847586156e-05,0.0007301961881066005,0.00016574891956500082,0.0003122117000646796,0.0001912283865233011,0.00046275918282834283,0.0004817014804332498,0.000976797215818446,0.00037480549689727916,1.1660894472242944e-11,1.5440093648066977e-11,1.156053031081683e-11,1.3242740237728867e-11,1.2430945162122953e-11,1.1967316027039487e-11,1.1621814621776139e-11,1.1399770016851107e-11,1.227462576025573e-11,1.0645706538525701e-11,1.20614629395277e-11,1.297539853339913e-11,1.4854784069484595e-11,1.3064216375369142e-11,1.4804157899561687e-11,1.0532907879223785e-11,1.13500320253479e-11,1.3088197192701045e-11,1.0830447649823327e-11,1.1683098932735447e-11,0.7101235621549105,4.044370354810658e-06,2.9708072774581318e-06,6.375020980958768e-05,7.150817779310345e-06,3.906132210199087e-06,2.965656719089438e-06,0.5371950340784595,0.5805030980815707,1.257375562461208,1.9560516375918984,1.6670967183025682,3.061557984427715,0.0,2.505590881243802e-05,2.1839636026956213,0.00020600963917416504,3.188795290989257e-06,1.9587786450347175e-06,0.7722792185825849
3.237457542817653e-11,0.0003832425945121676,5.05221386756932e-06,4.83593273331584e-06,0.00016283563942681711,1.0306510193569974e-05,6.352110827903545e-06,4.788358490825928e-06,0.00019039979973034526,0.00017030767846226702,3.928258141971952e-05,0.0004294791572978518,0.00011621512654436117,0.00047713937605653456,0.0,7.701764046566528e-05,0.0003602839143819203,0.00027240018848251335,4.728802644673097e-06,3.0803553458297783e-06,3.1037885834805934e-06,0.0005018857272661221,0.0005551132315029239,0.000331235669204899,0.0004300877144340909,0.0004299353763838054,0.0003147336125256528,0.0006224365108129515,0.0004804256505140936,0.00016903469849127717,0.0008034650303316371,0.00016511199903890272,0.00011621512654458321,0.0007333369554087781,0.00015594732612767004,0.0003902941227531542,0.0002557580599835685,0.0005777944787068723,0.00048671749855300206,0.0008118381099257824,0.0003497244159974373,3.078248766996694e-11,2.4089175099106797e-11,3.0591529309731413e-11,2.6201263381153694e-11,2.582289937436144e-11,3.162270445500326e-11,3.0317082178044075e-11,2.5354829347179475e-11,2.7135627078678226e-11,2.8244073746463982e-11,3.19113624414058e-11,2.6835422772819584e-11,2.4654056574036076e-11,2.7151614290232828e-11,2.751399108547048e-11,2.7926105872211338e-11,2.958344680337177e-11,2.878319804722196e-11,2.680522470654978e-11,3.05018232893417e-11,0.7101429280244556,5.05221386756932e-06,4.835932733038284e-06,0.00016283563942715018,1.0306510193569974e-05,6.352110828333757e-06,4.788358490603883e-06,0.5371584415257915,0.5805458688626992,1.257490154157157,1.956044590017151,1.6670385793344997,3.0618158966348967,0.0,7.701764046494364e-05,2.183930013838054,0.0002724001884832905,4.728802644673097e-06,3.0803553458297783e-06,0.7722799712117238
7.196856730011528e-11,0.0002849687247893362,8.209259873648041e-06,6.967213172004438e-06,6.754736548705842e-05,1.71356518401993e-05,9.180026372082595e-06,7.086821359636453e-06,0.0003615418768874168,0.00019726348586734943,2.2531560872840473e-05,0.00026866183282669986,5.8275787296224735e-05,0.00020945401777172634,0.0,7.594238235134054e-05,0.00021248362296288903,0.0002293947617938441,6.426638153062046e-06,4.586792474051333e-06,3.315244907153847e-06,0.0004967726425079116,0.0005953680753839619,0.0002934552807194457,0.00029225853578163097,0.000499792113024311,0.00048195097753130377,0.0003514104364747972,0.0005597573413135271,0.00019519499871167856,0.0015255007379793492,0.00011908702623131262,5.827578729844518e-05,0.000724123066195058,0.00023003312249336716,0.00039123155129305864,0.00018936680871517453,0.00043251039721137197,0.00037766834496877344,0.0010202193223647293,0.0004823480565763966,6.408118480294434e-11,6.361222659734267e-11,6.360423299156537e-11,6.869349533644709e-11,7.134204338399286e-11,6.579092826086708e-11,6.643219307989057e-11,6.698819277062285e-11,7.173639460233971e-11,5.844658090836674e-11,6.643663397198907e-11,5.304556793817028e-11,6.436096100514987e-11,5.373745892711668e-11,6.077982561691897e-11,5.7990057200640877e-11,6.499689675365516e-11,5.31752419874465e-11,5.944045256001118e-11,6.679812258880702e-11,0.7102412018941784,8.209259873648041e-06,6.967213171726883e-06,6.754736548739149e-05,1.71356518401993e-05,9.180026372512806e-06,7.086821359414408e-06,0.5369872994486344,0.5805189130552941,1.257506905177704,1.9562054073416222,1.6670965186737479,3.0620835819931815,0.0,7.59423823506189e-05,2.184077814129473,0.00022939476179462126,6.426638153062046e-06,4.586792474051333e-06,0.7722801826680474
1.5998587196060573e-10,0.00033349277946992384,1.1830392756412527e-05,9.823270976594412e-06,6.159049645476644e-05,2.3376111512898946e-05,1.287274519741477e-05,9.646779941197003e-06,0.00014543499159902495,0.00020025787727051547,1.902209679771616e-06,0.0003006244066234842,0.00011619520756367407,0.0003451285193087905,0.0,0.00011888397477224921,0.00035227118702785276,0.0001792108759234301,9.611880629799578e-06,6.448877234104032e-06,5.1487000087835355e-06,0.000523582450258239,0.0005356182513389651,0.00029574795200426607,0.0004765991116055801,0.0005020596229509122,0.00015505662429804445,0.0005777161580249324,0.0005016601764263884,0.0002526619860415109,0.0007711701075077626,0.0001311772105385689,0.00011619520756389612,0.0007301526095967939,0.00016574183182216373,0.00039905576494647654,0.0002553762557324646,0.0004118260392542705,0.00035795458398535374,0.0010447040375839206,0.00042230237247764535,1.2728484932722495e-10,1.3210232907567843e-10,1.262527860035334e-10,1.502868940406188e-10,1.3276135746309592e-10,1.3012702027026535e-10,1.2308642993730246e-10,1.3930190334576764e-10,1.4946177628871737e-10,1.1552359069355589e-10,1.3160317280380696e-10,1.383675396482431e-10,1.4151080307556185e-10,1.4011725113505236e-10,1.12031273147295e-10,1.6017409620872058e-10,1.2022560724744835e-10,1.1894485396624077e-10,1.1752288031630087e-10,1.2386180969770066e-10,0.7101926778394978,1.1830392756412527e-05,9.823270976316856e-06,6.159049645443337e-05,2.3376111512898946e-05,1.2872745197844981e-05,9.646779940974959e-06,0.5372034063339228,0.580515918663891,1.257527534528897,1.9561734447678254,1.6670385992534804,3.0619479074916445,0.0,0.00011888397477152757,2.183938026565408,0.00017921087592420726,9.611880629799578e-06,6.448877234104032e-06,0.7722717187231315
3.5564803062231214e-10,0.0004900699859174962,1.6631580640922835e-05,1.586858662017132e-05,1.1159703318386338e-05,3.4782153110910106e-05,2.0868799533516058e-05,1.4409579357055335e-05,0.00012998298136313036,0.00021412700591283418,0.00010314237923902958,0.00013191094009346038,5.837810229847307e-05,0.00021374561841058792,0.0,2.671638122794806e-05,0.0002072185165724605,0.0003948674461831114,1.5613826007359653e-05,1.0412563673662441e-05,1.7902261633118144e-06,0.0007773142068679879,0.0005112840081825665,0.00023854003004752933,0.0002706426752914215,0.0005231590679547482,0.0003107065516589902,0.00033178309925063765,0.00045208352388148576,0.00020992601466784944,0.0007434626447639586,8.73104530603186e-05,5.837810229847307e-05,0.0006128757344736605,0.00017333565507215987,0.00028877675950567117,0.00019122279549876886,0.0005637052472580173,0.0002172545664536063,0.0010241479065141968,0.00040265694630124704,3.3223734874354705e-10,2.61103139109764e-10,3.2945912664672505e-10,2.7903368504667014e-10,2.9386182376356373e-10,3.411777527162485e-10,2.7425706150552287e-10,2.7619506681730854e-10,2.9600144557662134e-10,3.0109958970570005e-10,3.4492586564738303e-10,3.050546482086247e-10,2.616413752321023e-10,3.0872104872514683e-10,3.3510616503917845e-10,2.9838265191983737e-10,2.6857271961944207e-10,3.1393643240562596e-10,3.063753695187188e-10,2.757127859354114e-10,0.7100361006330502,1.6631580640922835e-05,1.5868586619893765e-05,1.1159703318053271e-05,3.4782153110910106e-05,2.086879953394627e-05,1.440957935683329e-05,0.5372188583441587,0.5805020495352486,1.2574262943593377,1.9563421582343554,1.6670964163587456,3.0620792903925427,0.0,2.6716381227226416e-05,2.1840830792358634,0.0003948674461838886,1.5613826007359653e-05,1.0412563673662441e-05,0.772275077196977
7.906043210907701e-10,0.0003663093408934337,2.6858834737696502e-05,2.3493413419672926e-05,4.70363835118337e-05,5.656700385625835e-05,3.0850366524809436e-05,2.340900839170601e-05,0.00011681180609335318,0.00020347314129642857,0.00012970434649162144,0.00026332967736153456,0.0001164859498103965,0.00044062528701749315,0.0,2.4059374107820997e-05,7.417781977148152e-05,0.00022939531394405854,2.2517033889492993e-05,1.5463529437016103e-05,1.4258948628165236e-05,0.000530910021526062,0.0004380595964690315,0.0002952758439858094,0.0003797552819577721,0.0005174172319066805,0.0002834370496722638,0.0005920755633002095,0.00047320533015615673,0.00019666546893015724,0.0008247272111908963,0.00013547638520083893,0.00011648594981128468,0.0007076570115624799,0.00011556992546135625,0.00031080195829713553,7.9344628639344e-05,0.0005011832894357138,0.00046117227822728424,0.0010314248453074152,0.0002983251880353003,7.279030711515588e-10,6.809450781020132e-10,7.223039943937692e-10,6.20663520578546e-10,7.773808263777937e-10,7.460867479380795e-10,7.245120059451438e-10,7.206892860267544e-10,7.771108201382049e-10,6.654765627445158e-10,7.540785773585412e-10,5.621325627203078e-10,5.854676743410892e-10,5.694271720813049e-10,6.634168769892312e-10,6.597788981821395e-10,7.090559250855222e-10,6.528049212306541e-10,6.756710746458339e-10,7.286740100198585e-10,0.7101598612780743,2.6858834737696502e-05,2.349341341939537e-05,4.703638351216677e-05,5.656700385625835e-05,3.085036652523965e-05,2.3409008391483965e-05,0.5372320295194285,0.580512703399865,1.2573997323920851,1.9562107394970873,1.6670383085112337,3.0618524107239358,0.0,2.405937410709935e-05,2.1842161199326644,0.0002293953139448357,2.2517033889492993e-05,1.5463529437016103e-05,0.7722626084745121
1.7575106248547966e-09,0.00027465587582353734,3.988938317489944e-05,3.196966518120847e-05,3.571075096478471e-05,8.157343989011504e-05,4.2044237044541743e-05,3.375177685305264e-05,0.00012134555373299882,0.00020324355652334702,3.757058190467788e-05,0.00036135077202770205,5.938595538257374e-05,0.0003019499870835496,0.0,1.015925252229044e-06,0.0003032419542781106,0.00015412908063028308,3.165397443785162e-05,2.09972391888543e-05,2.5543028237984267e-05,0.000493054843845739,0.0005392519643014904,0.0002967019079436195,0.00038422104627144904,0.0003866693158880441,0.00025136120938992025,0.00038767529827610225,0.000495182334778077,0.00023646650758578643,0.0007507391566285304,0.00017475097105257298,5.9385955383239875e-05,0.0005979228327731705,7.933972380169685e-05,0.00027954572303467984,0.0002038534234456435,0.0003220800306582561,0.0004197686537190659,0.0010384367183477003,0.0003338557105492246,1.3484733329960363e-09,1.502178825774081e-09,1.3375727192510567e-09,1.6392265322906496e-09,1.6176979755755383e-09,1.3848184821085852e-09,1.506677449469862e-09,1.5823165000483641e-09,1.6959305071395647e-09,1.2239045332762544e-09,1.400566773668288e-09,1.262042026439758e-09,1.544893990512719e-09,1.2765912771328658e-09,1.7431514010013416e-09,1.7473729130301763e-09,1.4732570718933857e-09,1.2895142731395026e-09,1.2453824638214428e-09,1.514719016881827e-09,0.7102515147431442,3.988938317489944e-05,3.196966518093092e-05,3.571075096511778e-05,8.157343989011504e-05,4.2044237044971955e-05,3.3751776852830595e-05,0.5372274957717889,0.5805129329846381,1.2575670073204814,1.9561127184024212,1.6670954085056615,3.0619910860238697,0.0,1.015925251507399e-06,2.1839870557981578,0.00015412908063106023,3.165397443785162e-05,2.09972391888543e-05,0.7722513243949023
3.906939937054621e-09,0.0002876239948260695,5.415375800379376e-05,4.776026279051937e-05,1.4524517362529688e-05,0.00011491477536267416,6.269093296461248e-05,4.7491194028026484e-05,0.00014947578774726633,0.00016974834027805308,9.006345897644152e-05,0.0003455890906689518,6.0960381866204116e-05,0.0002596631411471151,0.0,1.4910368958481746e-05,0.00017257521557700883,0.00039036212094412104,5.110682470463806e-05,3.145083686725416e-05,2.856180742583092e-05,0.0005061169037124862,0.0006020573806050367,0.00030517573477739646,0.0003840029151498392,0.0005741385779661767,0.0003116825468817419,0.0003152155622403452,0.0005218760038560033,0.00017178613762991457,0.0004476396364372108,0.00018361917436249264,6.096038186731434e-05,0.0006003496621744697,0.00013076196328887235,0.0002310922769754864,0.00013593254326149662,0.000584641269018249,0.00024893664152769723,0.0005991749651798503,0.0004003759790567918,3.0053213251335364e-09,2.76788991726562e-09,2.9841906723504508e-09,3.4082283661973634e-09,3.2055709198175464e-09,3.078962862446133e-09,2.983814084700498e-09,2.9269369150597413e-09,3.152875294176738e-09,3.6646863321720957e-09,3.1108875475638342e-09,3.3281777334082108e-09,3.2095339719262483e-09,3.3676688104833374e-09,3.80174647318654e-09,3.6337972630917648e-09,2.91636759186531e-09,3.362445433197081e-09,2.7959785597886366e-09,3.002028847731708e-09,0.7102385466241417,5.415375800379376e-05,4.7760262790241814e-05,1.4524517362862754e-05,0.00011491477536267416,6.269093296504269e-05,4.749119402780444e-05,0.5371993655377746,0.5805464282008834,1.2574393732796003,1.95612848008378,1.6670938340791779,3.062033372869806,0.0,1.491036895920339e-05,2.184117722536859,0.0003903621209448982,5.110682470463806e-05,3.145083686725416e-05,0.7722483056157144
8.68511373751352e-09,0.000504013586892671,8.115448143993282e-05,7.760166327475115e-05,5.427896757448369e-06,0.0001860272004728844,0.000101963231370919,7.671908101203329e-05,0.00016236627569410356,0.00026805988416300774,3.61764116920682e-05,9.502987696197174e-05,6.451514711613981e-05,0.0003171884729193941,0.0,7.124397551627748e-07,0.0003411454966935068,0.00019570252162093293,7.591364896222439e-05,5.106735031466282e-05,4.10340239564988e-05,0.0008046497106927857,0.0006488955041795696,0.00028906170818676635,0.00036749861269624873,0.0005775412400129687,0.0005056043328628467,0.00024685598492535377,0.0005147852630620342,0.00026491875523504405,0.0008179358828462085,0.00013773656768467646,6.45151471165839e-05,0.0006149475598913278,0.00017136028704434203,0.00034105289468033817,0.0002863129859036473,0.0003457243482474226,0.0004116930285791298,0.0004847895227851542,0.00048196097662701377,7.93986743019559e-09,6.214355252609494e-09,7.879643604269404e-09,6.759186099714043e-09,8.403095108633352e-09,8.139747542657005e-09,7.785746269917126e-09,6.537596242139898e-09,6.995336754300752e-09,7.257058953769047e-09,8.222999170470757e-09,6.9123942125770554e-09,6.341443814505965e-09,6.9967676097348885e-09,7.071632168731412e-09,7.198688756204774e-09,7.604398000182755e-09,7.416486980105219e-09,7.37057526123408e-09,7.832836601551207e-09,0.710022157032075,8.115448143993282e-05,7.76016632744736e-05,5.427896757781436e-06,0.0001860272004728844,0.00010196323137134922,7.671908101181124e-05,0.5371864750498277,0.5804481166569985,1.2574932603268847,1.956379039297487,1.667090279313928,3.061975847538034,0.0,7.124397544411298e-07,2.1839491522557424,0.0001957025216217101,7.591364896222439e-05,5.106735031466282e-05,0.7722358333991838
1.9306977288832496e-08,0.00040227806555803713,0.00013179017987081397,0.00011189693888830066,1.5384100073956297e-05,0.0002751932098936031,0.0001469263292647599,0.0001137732756220089,0.00026739659399699356,0.0003162854331452136,9.607786226695225e-05,0.00028604891039463176,7.876312918186912e-05,0.00043189778133667645,0.0,9.479530831829619e-06,0.0005917452684665037,0.00029099065553517267,0.00010304173727782278,7.365046730181885e-05,7.813131769873749e-05,0.0005759871567715636,0.0006355164323956775,0.0003454276415602031,0.0004368697907932706,0.0007929937231898609,0.00030904994653741414,0.0004008085090316804,0.0005835539168053128,0.0003096770164833229,0.0006680874559053071,0.0002536762471150311,7.876312918320139e-05,0.0007431646519974011,9.040245528746382e-05,0.00038121188923812,0.0004294689336905577,0.0004477319024616122,0.0003925693490938187,0.0011598743003518608,0.0003668404968630093,1.6500939281627325e-08,1.6389988033438385e-08,1.6381310530277915e-08,1.7636185845049113e-08,1.8363659037845537e-08,1.6920401080255942e-08,1.7116457584620548e-08,1.72603078496536e-08,1.8495349252134474e-08,1.9054980704424906e-08,1.710608721339213e-08,1.9082314395291178e-08,1.6536479741091625e-08,1.3807386345376926e-08,1.567948881842085e-08,1.889364042995112e-08,1.6751538822745715e-08,1.3663071563030371e-08,1.5316715007429593e-08,1.7208380498345832e-08,0.7101238925534097,0.00013179017987081397,0.0001118969388880231,1.538410007362323e-05,0.0002751932098936031,0.00014692632926519011,0.00011377327562178685,0.5370814447315249,0.5803998911080163,1.2574333588763098,1.9561880202640543,1.6670760313318622,3.0618611382296166,0.0,9.479530831107974e-06,2.1836985524839694,0.0002909906555359498,0.00010304173727782278,7.365046730181885e-05,0.7721987361054415
4.291934260128778e-08,0.0006349868669339731,0.00018993766499900608,0.00015746492409329793,2.3490206587151174e-05,0.0003752668559924361,0.00020695116331004293,0.00015465124854197043,0.00015721611742514074,0.0004516452125612469,5.601610313687999e-05,0.00022779273661033272,7.990117323308787e-05,0.000564551683469805,0.0,4.675429515793583e-06,0.00045548847938192694,0.0003997989132463742,0.00015450862450899658,0.00012239404859108272,9.535443681463196e-05,0.000896902987896366,0.0006670661970487046,0.00038159320888131454,0.00047356698826872545,0.001058991880385829,0.00042727095247741746,0.0006023119011531186,0.000611030323084516,0.00048298896671195024,0.0010824247698137622,0.00029926318972606225,7.995367721671313e-05,0.0009423437412485066,0.00018653681830915758,0.000428115662714168,0.0003888214459504269,0.000545549777602794,0.0006849202628442796,0.0013722461964551748,0.0004086644904173374,3.2698574514711254e-08,3.403430515191985e-08,3.243703616817584e-08,3.8717451467107367e-08,3.4108309954206106e-08,3.3565676460511895e-08,3.162551820423687e-08,3.586824526280452e-08,3.8475206132204676e-08,4.158532362907863e-08,3.3953585720780666e-08,3.553164074077131e-08,3.650125268706006e-08,3.599158659994828e-08,4.146934617921261e-08,4.124519303871921e-08,3.090196898369868e-08,3.069458198723396e-08,4.227109862142697e-08,3.181169105914705e-08,0.7098911837520337,0.00018993766499900608,0.00015746492409302038,2.3490206586818108e-05,0.0003752668559924361,0.00020695116331047314,0.0001546512485417484,0.5371916252080967,0.5802645313286002,1.2574734206354399,1.9562462764378385,1.667074893287811,3.0617284843274835,0.0,4.675429516515228e-06,2.183834809273054,0.00039979891324715133,0.00015450862450899658,0.00012239404859108272,0.7721815129863256
9.540954763499944e-08,0.0008119394148436987,0.00031561551284192577,0.00025432591896190626,5.277642861345466e-06,0.00055966354104826,0.0003342572981244879,0.00023132343158704938,0.00026105541872500915,0.0006305974931770653,9.901208785434434e-05,0.0003110712315723685,0.00011893457109612982,0.0010633238000732348,0.0,4.3667389449664196e-06,0.0006173296259923688,0.0004980273537776858,0.0002509383628070912,0.00016704311686389743,0.00015842993005732442,0.0011117893413826478,0.000938339253338194,0.000521118922861108,0.000623224737647643,0.0013189836195282023,0.0006569956509323711,0.0006126005223927589,0.0007582202853758657,0.0006699968399341838,0.0013149285539578476,0.00045201388721705094,0.00011895560213312047,0.0011237493648926788,0.0002382466354413637,0.000572683296953258,0.000531242954884048,0.0007592332729651208,0.0007937459494762322,0.0016616729610306003,0.0006253352562404224,8.527891459664261e-08,9.393888333875111e-08,8.461054257224987e-08,7.163031412460441e-08,7.574517457697993e-08,8.758193015268034e-08,7.074213392854745e-08,7.410029745358315e-08,7.642003740926384e-08,7.732933671178444e-08,8.860057398862864e-08,7.864835893656164e-08,6.724456724782613e-08,7.957461090057905e-08,8.626904168806959e-08,7.665555656899414e-08,6.92892392351041e-08,8.091778713747999e-08,7.869069840182874e-08,7.113516709011947e-08,0.709714231204124,0.00031561551284192577,0.0002543259189616287,5.277642861012399e-06,0.00055966354104826,0.0003342572981249181,0.00023132343158682733,0.5370877859067968,0.5800855790479844,1.2574304246507224,1.9561629979428765,1.667035859889948,3.06122971221088,0.0,4.3667389456880645e-06,2.1836729681264435,0.000498027353778463,0.0002509383628070912,0.00016704311686389743,0.772118437493083
2.1209508879201927e-07,0.0011499864341061317,0.0004307086606551085,0.00037729739935377093,3.673424902261857e-06,0.0009121124934053633,0.000495294543811059,0.0003758964458318026,0.00039048283862475053,0.000990618090691786,0.00018931524497234342,0.0004639761261746589,0.00019346248288298895,0.001147564904023568,0.0,4.176283603912756e-06,0.0009185122452062267,0.0006432103156842617,0.0003617996351857064,0.00024867264736600284,0.00024034865562971852,0.0015644239068435054,0.0012915654756286976,0.0007273780551411146,0.0008724447835379845,0.0021520205783887025,0.0009860393156277164,0.0009898322993626696,0.000982895226036673,0.0011051289724054447,0.0016852377901548185,0.0006712251628326893,0.00019350884858643005,0.0014665100833259892,0.00037778636455376713,0.0007605657083518125,0.0007947093223885648,0.0009238197213508048,0.0010932193092363374,0.0020461709225291624,0.0007518655915959016,1.875308051069169e-07,1.7487213810341018e-07,1.8618407082726662e-07,1.5995462554485584e-07,2.002569461367898e-07,1.9220415747867037e-07,1.8670802681697296e-07,1.6497098975776225e-07,1.9948636165167954e-07,1.714742694503002e-07,1.9424742170315312e-07,2.081051881930307e-07,1.5100435390991152e-07,2.1060783161885865e-07,1.7143525532503645e-07,1.701213658833467e-07,1.8274728397216222e-07,1.6803093849659945e-07,1.7421163089892389e-07,1.877365916058693e-07,0.7093761841848616,0.0004307086606551085,0.0003772973993534934,3.673424902594924e-06,0.0009121124934053633,0.0004952945438114892,0.00037589644583158055,0.5369583584868971,0.5797255584504697,1.2573401214936044,1.9560100930482742,1.666961331978161,3.0611454711069297,0.0,4.176283604634401e-06,2.1833717855072297,0.0006432103156850388,0.0003617996351857064,0.00024867264736600284,0.7720365187675106
4.7148663634573897e-07,0.0015694043440892536,0.0006411180647294039,0.0005126749944218134,1.6445838960932324e-06,0.0013188391909019145,0.0006738249711335381,0.0005420164225274915,0.0006090062361809867,0.0014583438768659418,0.0003069371128294751,0.0006237175489052227,0.0002790323810417661,0.0018972843582014676,0.0,1.323118302143378e-07,0.0014833215926710608,0.000904849474688163,0.0006018965947238666,0.0004049898365684403,0.00035937620704817874,0.002134581456065752,0.0019477255118629522,0.0010295294623425821,0.0014151260403281185,0.0030972428100100036,0.0013376242531625852,0.0014276789768601361,0.0015734111845420173,0.0016401822404739086,0.0027416043110279225,0.0009112159096218431,0.00027915322459694925,0.00239232444660753,0.0005574375755592609,0.0010898207988996322,0.0012920995767460308,0.0013412270099357748,0.0018577631260023875,0.0033493732786388994,0.0010778229955297203,3.46419788854746e-07,3.872269269677986e-07,3.4373994317604684e-07,4.223523664137474e-07,4.1647633963748376e-07,3.557010819221773e-07,3.87942515445161e-07,4.358846936725058e-07,4.369257116110248e-07,4.5350228283780325e-07,3.597695972246129e-07,4.33034010427491e-07,3.981650404938364e-07,4.3832143514777044e-07,4.4754959649395687e-07,4.498719494705483e-07,3.7959981646906726e-07,4.6387869190311903e-07,4.609155066503945e-07,3.901072709311393e-07,0.7089567662748785,0.0006411180647294039,0.0005126749944215359,1.6445838964262993e-06,0.0013188391909019145,0.0006738249711339683,0.0005420164225272694,0.5367398350893409,0.5792578326642955,1.2572224996257473,1.9558503516255437,1.6668757620800023,3.060395751652752,0.0,1.3231182949269282e-07,2.182806976159765,0.0009048494746889402,0.0006018965947238666,0.0004049898365684403,0.7719174912160921
1.0481131341546875e-06,0.0023460127952135146,0.001043554131324309,0.0007672912187072223,5.717495730750422e-07,0.0018645902461614234,0.0010069336222087027,0.0007623334417768968,0.0008783782497723269,0.0019838667736851168,0.0004444520266493335,0.0009250186076754652,0.00039223181281200503,0.0029377617138566237,0.0,2.7658938701324853e-06,0.002137877406683142,0.0015146470291161895,0.0008220995990921723,0.0005850574666901192,0.0005137295654545904,0.003183601762358809,0.003143622672262758,0.001470531523386498,0.0020290800338811366,0.00438193582677171,0.002005489140580673,0.002017476493258785,0.0022715651029444617,0.0022370750682282337,0.003955896852643024,0.0013634129980648613,0.000392983878899746,0.003435559127480725,0.0007834016276262457,0.0016119177107463134,0.0018658522673473676,0.002223851221533124,0.002506625435491072,0.004820977678064314,0.0015267711422490837,7.752082478162947e-07,1.024481381506348e-06,7.697560491237709e-07,8.777713560448319e-07,8.265585176303603e-07,7.939859267835914e-07,7.667808530342768e-07,9.06241533371599e-07,8.099684958295938e-07,9.43416442744649e-07,8.021961832582747e-07,8.58072677800692e-07,8.268760494090088e-07,8.681523375742017e-07,9.794991768785621e-07,9.357580497137974e-07,1.0480759442543786e-06,8.634933408302459e-07,9.590407037407545e-07,7.713064738013031e-07,0.7081801578237542,0.001043554131324309,0.0007672912187069447,5.717495727419752e-07,0.0018645902461614234,0.001006933622209133,0.0007623334417766747,0.5364704630757495,0.5787323097674764,1.2570849847119274,1.9555490505667734,1.666762562648232,3.0593552742970966,0.0,2.7658938694108404e-06,2.1821524203457527,0.0015146470291169667,0.0008220995990921723,0.0005850574666901192,0.7717631378576857
2.3299518105153717e-06,0.0038072710109998686,0.0015065927679955762,0.001246623732197305,2.1663498011026405e-06,0.003035656410055705,0.0016369597433228689,0.0012320841223807388,0.001245971611425034,0.0029556694475504353,0.0006279490848482006,0.0015010777907147332,0.000635617235756003,0.004843428460657773,0.0,1.1411262706984004e-06,0.0030208672615086307,0.002025153977568861,0.0012258921902808658,0.0008252395284173452,0.0008199108879318739,0.005168495122233074,0.00456112709294465,0.002390554099515274,0.0028455384535475137,0.007142791678903748,0.003254591268937057,0.0032788051275369767,0.0032125266607896386,0.003336470405631786,0.005578374080547866,0.0022117686061127184,0.0006362926677749923,0.0057201348405298,0.001270755801045631,0.002194713761981104,0.0026290786289424606,0.0030641891667937404,0.0037817632273251522,0.006781714597967019,0.0024768940019788133,2.045987484322609e-06,2.1318438125916828e-06,2.0311591111266125e-06,1.7368051086208425e-06,2.157414669134994e-06,2.0967350717882027e-06,1.9992918076638944e-06,1.796320105995619e-06,1.8040750253689453e-06,1.8743287073519355e-06,2.1189796743925626e-06,2.2488708264489787e-06,2.2829897527998355e-06,2.2781369670710205e-06,1.8167967850146738e-06,1.8582834631075684e-06,1.9531336636902097e-06,1.9121826957402277e-06,1.9006133546994874e-06,2.011271472035503e-06,0.7067188996079679,0.0015065927679955762,0.0012466237321970275,2.1663498007695736e-06,0.003035656410055705,0.001636959743323299,0.0012320841223805168,0.5361028697140968,0.577760507093611,1.2569014876537286,1.9549729913837341,1.666519177225288,3.0574496075502955,0.0,1.1411262699767555e-06,2.1812694304909273,0.002025153977569638,0.0012258921902808658,0.0008252395284173452,0.7714569565352084
5.179474679231202e-06,0.005494434134997062,0.002123331629859839,0.0017972597598676643,1.5154414015089435e-05,0.004539901602634266,0.002360936222953053,0.0018323718708521675,0.0020145477653590316,0.004796757268077156,0.0010237726757322818,0.0021469836468082093,0.0009394254685768377,0.006604374842718919,0.0,8.329715099369972e-06,0.004866802862907971,0.0030058081791261015,0.0020018565221683864,0.0013413721711191323,0.0012338415074452103,0.007453166613119439,0.006432726853632387,0.0034369616407974313,0.004565376971872537,0.010661413066472059,0.004688908271276659,0.004871692328749733,0.005208156619829207,0.005439412841231284,0.009022167080293448,0.003190937173821906,0.0009408999956634543,0.007814819257209615,0.0018778378735211376,0.00327475060727056,0.004250550148509502,0.004579163434135003,0.006164778741773791,0.011075148332434216,0.0036845176915052402,4.251554512002542e-06,4.225362351562012e-06,4.219924777615347e-06,4.529817961618221e-06,4.731663516110984e-06,4.35807029219859e-06,4.4117815916067116e-06,4.686128745490237e-06,4.768512024355687e-06,4.893332530286898e-06,4.404932266055539e-06,4.915630824164907e-06,4.249675534140351e-06,4.974709534977251e-06,4.042944026672046e-06,4.850873583706061e-06,4.318690406179826e-06,5.0594775728995955e-06,4.979169869301359e-06,4.436055384360316e-06,0.7050317364839707,0.002123331629859839,0.0017972597598673867,1.5154414014756368e-05,0.004539901602634266,0.002360936222953483,0.0018323718708519454,0.5353342935601628,0.5759194192730843,1.2565056640628445,1.9543270855276407,1.6662153689924672,3.0556886611682343,0.0,8.329715100091617e-06,2.179423494889528,0.0030058081791268787,0.0020018565221683864,0.0013413721711191323,0.7710430259156951
1.1513953993264481e-05,0.007733054222471947,0.003445318212189193,0.0025267410438517546,3.339909084304482e-05,0.006247723361362168,0.0033233123560232336,0.0024900105150578167,0.0030106702345973346,0.006896137639217037,0.001525993702712336,0.0029904252127144204,0.0012796349355743697,0.009784667862857255,0.0,1.9056716420912112e-05,0.007203054788213148,0.00488529325435938,0.0029007081540212034,0.0019940231928474396,0.0016694408462764043,0.010474648750121229,0.010432304824431471,0.004846726917009603,0.006779626031706565,0.014667079254115145,0.006594188204728683,0.0066313480576960515,0.007777645774997621,0.007862145649745411,0.013370722006011753,0.004495343682463515,0.0012823957496123062,0.011672131085949888,0.0025599755194312124,0.005312877381832726,0.0062948254815526905,0.007391647397660073,0.00891233340585651,0.016456058783183115,0.005005470729716466,8.403568241277526e-06,1.1073602704136931e-05,8.33617649487195e-06,9.981080639320794e-06,8.763856101268175e-06,8.625919170945906e-06,8.126279446685203e-06,1.0293115192183677e-05,9.919307466965677e-06,1.0715070987821207e-05,8.724313358854374e-06,9.127657073726425e-06,9.419015483125293e-06,9.245167433391543e-06,1.0684402944605154e-05,1.0629020463781558e-05,1.1432048510506831e-05,1.0528326743752814e-05,1.0886857666037031e-05,8.174397853721871e-06,0.7027931163964958,0.003445318212189193,0.002526741043851477,3.3399090842711754e-05,0.006247723361362168,0.003323312356023664,0.0024900105150575946,0.5343381710909245,0.5738200389019444,1.2560034430358644,1.9534836439617345,1.6658751595254697,3.052508368148096,0.0,1.9056716421633757e-05,2.1770872429642227,0.004885293254360157,0.0029007081540212034,0.0019940231928474396,0.7706074265768639
2.559547922699533e-05,0.012522755982698697,0.00511023729223355,0.004082551437900983,6.199927798083982e-05,0.009534832198515635,0.005373998395185167,0.0037411227035895056,0.004131924331716275,0.009673495684036637,0.0020986110663214763,0.004724589221412501,0.001906188379278806,0.015822089863517075,0.0,3.9136308435383516e-05,0.009804310845278774,0.007034794355653462,0.004115273169080574,0.0027333361566077123,0.002497729055923048,0.016912384673879042,0.015449669389346221,0.00782766441737226,0.009208508115569503,0.022370941509896047,0.010641775062982963,0.009938280969466584,0.010665380044800776,0.011102331213253214,0.018233727078322395,0.007276092843611748,0.001912315619810352,0.01908581552188815,0.0038139153201754983,0.007650465692337294,0.008574425213081716,0.01058032511487994,0.012607946017940908,0.02255587505458126,0.007512294876782288,2.1927670697863277e-05,2.4223632387077032e-05,2.1736530379179442e-05,1.8412755222740884e-05,1.9557084894650245e-05,2.2504183609939332e-05,1.8256065001054367e-05,1.902322017510727e-05,1.9677700895393002e-05,1.9872723459712915e-05,2.2765044248806987e-05,2.028184079883033e-05,2.496626211900832e-05,2.0519746782632353e-05,2.2216601744062814e-05,1.9700428071978138e-05,2.3797008500636707e-05,2.0938387466529207e-05,2.021033767540814e-05,1.835420039952851e-05,0.698003414636269,0.00511023729223355,0.0040825514379007055,6.199927798050675e-05,0.009534832198515635,0.005373998395185597,0.0037411227035892836,0.5332169169938056,0.5710426808571248,1.2554308256722553,1.9517494799530364,1.6652486060817653,3.046470946147436,0.0,3.913630843610516e-05,2.174485986907157,0.007034794355654239,0.004115273169080574,0.0027333361566077123,0.7697791383672172
5.689866029018305e-05,0.018665430244969472,0.0069877169972483635,0.006072621263150169,0.00013663033831864957,0.016321973840652388,0.007988037718607621,0.006102891031835034,0.006289530920570718,0.014620884912253107,0.003190187394396915,0.00682463141228884,0.0030954368554036993,0.022655090329212868,0.0,7.643656980740876e-05,0.014631063979746006,0.009883084782947527,0.006737458969240906,0.0041223458712433235,0.004050937698089396,0.025108384867940377,0.021096024180993433,0.011651063124622052,0.013770540384240748,0.038274453419434584,0.015785163061768602,0.016197135231182935,0.01621262095337561,0.016987883394877,0.027325500185377716,0.010822289710021193,0.003111600479794835,0.027700815826568026,0.006202408577198337,0.01075333499724107,0.012812721860105514,0.014753244503693974,0.02054697607903777,0.03403602951673266,0.012239119093455209,4.8451489497836064e-05,4.5006707956929404e-05,4.802079441823537e-05,4.13024525052208e-05,5.247688726583988e-05,4.957757626744552e-05,4.814599249503004e-05,4.249258519983812e-05,4.5671183045215e-05,4.426283519265439e-05,5.0107439532709463e-05,5.3621180716945105e-05,5.208211840912469e-05,5.4267753586856315e-05,4.405107217664295e-05,4.3906997959197724e-05,4.7150017534747235e-05,5.4715381776482275e-05,4.492933089927931e-05,4.841540400501998e-05,0.6918607403739983,0.0069877169972483635,0.006072621263149891,0.0001366303383183165,0.016321973840652388,0.007988037718608051,0.006102891031834812,0.5310593104049511,0.5660952916289084,1.2543392493441798,1.94964943776216,1.6640593576056404,3.0396379456817404,0.0,7.64365698081304e-05,2.16965923377269,0.009883084782948304,0.006737458969240906,0.0041223458712433235,0.7682259297250509
0.00012648552168552957,0.025419300794484845,0.010486059279761158,0.008246952836294952,0.00035810555070880934,0.024741922638359934,0.010871393283985759,0.00884170751985669,0.01085082516371405,0.023452734877923098,0.0053832691775372865,0.009006139140944835,0.0044574504976815366,0.03160460275144272,0.0,0.0001896611626262812,0.023777245177908135,0.015946568295708285,0.010129455610099128,0.006861857651164059,0.005827237668864393,0.03403742512087662,0.03157639072329088,0.01583499517992415,0.022361277305388283,0.05797655867900897,0.021439001967674013,0.023432917955431787,0.02791653085126844,0.02785239771819692,0.04485350717105674,0.014750771074883318,0.004491222044527677,0.03937657978431153,0.008946003486116405,0.017302485334446782,0.020875735384027427,0.023451648290930383,0.0307299440416533,0.05657556712425953,0.017705257519826656,8.941557333841388e-05,0.00010019559165819203,8.842342211146104e-05,0.00010910750922121792,0.00010813445381252507,9.153258931426933e-05,0.00010001609080401153,0.00011696464606814061,0.00012131950977156691,0.00011720654826330446,9.259552868989829e-05,0.00011152897131605499,0.0001040661494471351,0.00011289972596273401,0.00011495626078961152,0.0001161409382035572,0.00012387467039687294,0.00011978526275058243,0.00011892253819745235,0.00010059467662237864,0.6851068698244829,0.010486059279761158,0.008246952836294674,0.00035810555070847627,0.024741922638359934,0.010871393283986189,0.008841707519856468,0.5264980161618078,0.5572634416632384,1.2521461675610395,1.947467930033504,1.6626973439633626,3.0306884332595105,0.0,0.00018966116262700283,2.1605130525745277,0.015946568295709063,0.010129455610099128,0.006861857651164059,0.7664496297542759
0.0002811768697974225,0.044305399025177494,0.01728212748473559,0.014315784149832284,0.0007417040964846078,0.038024433496561344,0.016334731829897323,0.014863994598527386,0.016787652896150806,0.033222493836736144,0.008122154671899251,0.012781557479404126,0.006266989607368156,0.04986189452565082,0.0,0.0004008213502208202,0.03427389698671934,0.023488799616710354,0.014067229807234388,0.010192164563503726,0.009648624190173982,0.05848633517471342,0.051784086329510925,0.027542181322570247,0.03221644406263846,0.08906885252984847,0.032124456506434335,0.03928418501630526,0.04390854000746436,0.04043574555440532,0.0653201191196493,0.022196487129716447,0.006334333445734726,0.0646808956357342,0.0126080100263255,0.025503307371110617,0.03018295279931027,0.03389077441185928,0.042451034978731705,0.08365945672061327,0.02966800701433625,0.0002699324580763829,0.0002664336941897716,0.0002652900282900106,0.00022708824595163435,0.0002149683782910472,0.00020537506526885352,0.000276406002818419,0.0002520578197353629,0.00025378164578171436,0.00024445639027526056,0.00020756867998539263,0.00022136904848046868,0.0002761222062588331,0.00022426832476618586,0.0002525008255709338,0.00024185913752550192,0.0002709013797694837,0.00022286604860255466,0.00024793104365095076,0.00027813830354084246,0.6662207715937902,0.01728212748473559,0.014315784149832006,0.0007417040964842747,0.038024433496561344,0.016334731829897753,0.014863994598527164,0.520561188429371,0.5474936827044253,1.2494072820666775,1.9436925116950448,1.660887804853676,3.0124311414853024,0.0,0.00040082135022154186,2.1500164007657165,0.02348879961671113,0.014067229807234388,0.010192164563503726,0.7626282432329663
0.0006250551925273976,0.06274845674745688,0.02531840912138075,0.020271917406961826,0.0014575415766133193,0.0674087038623263,0.026749741643844138,0.020502698523847118,0.024172908107328195,0.04552185299877465,0.012193161500721805,0.018887393069172198,0.010082741450452959,0.061983352023537996,0.0,0.0007114608863550698,0.0482337305206304,0.03195505387995823,0.02238033487745152,0.015019750035408133,0.013125330957057257,0.08151130167774827,0.07541238466116562,0.03907478501426165,0.04525854932167972,0.15789168363668754,0.0524735831238167,0.05405657779368589,0.06820441667451171,0.057135559096514466,0.09299658888403839,0.036476074636822675,0.010260284183618342,0.08271576023602412,0.020376576608934327,0.03446429354790537,0.04265528188778078,0.04612545018179526,0.06699590429191127,0.12166069667451362,0.04080995782719321,0.0005445072197911571,0.0005585736650726147,0.0005297935685000255,0.00044995200168784777,0.00045808628421895037,0.0005440590091474462,0.0005152200199827206,0.00045570278832496314,0.0005073240879838181,0.0004877675181305108,0.000550313062982255,0.0005781536151268085,0.00044991746955691525,0.0005860490959186393,0.0004670276504867843,0.0004807702776759015,0.0005047241907396582,0.0005248325179163515,0.0004952302651091145,0.0005189495736681593,0.6477777138715108,0.02531840912138075,0.020271917406961548,0.0014575415766129862,0.0674087038623263,0.02674974164384457,0.020502698523846896,0.5131759332181937,0.5351943235423868,1.245336275237855,1.9375866761052767,1.6570720530105911,3.0003096839874153,0.0,0.0007114608863557914,2.1360565672318055,0.031955053879959006,0.02238033487745152,0.015019750035408133,0.759151536466083
0.001389495494373136,0.08948710517675229,0.03717486216845625,0.02927518965419329,0.0037876208610782003,0.18281191346431255,0.041113454002291105,0.031134559195701295,0.02969630460852768,0.06856789667696006,0.022762090386922118,0.02449817793296938,0.014852020668657318,0.0868440102190502,0.0,0.0014726992632876357,0.07791077453970718,0.04752412130138772,0.038490323824665884,0.027554660984457094,0.019405871330384628,0.11312757529896136,0.10970631360623329,0.05659222530035368,0.07318115070703857,0.34612273264194504,0.08068794157738432,0.08176311125911462,0.0889284326892803,0.0908103261138481,0.1525242828035016,0.053278161840154326,0.015246152722341163,0.12301180358033359,0.030166997967401965,0.050851034548267116,0.06957612991044693,0.06915804738761672,0.11480401273624852,0.20741642977284308,0.06160456605044917,0.001145182991427518,0.001166798940325009,0.0010984564066047753,0.0011885435514624731,0.0011119392385463556,0.0012620816483499553,0.0011443091676790473,0.0006173212805506978,0.001348367159613062,0.001303710833830074,0.001150412197476136,0.0012692740893074372,0.001025408858183141,0.0012859108384901674,0.001043463959723212,0.0012683318576636182,0.0011247137012535546,0.0013659447206260111,0.0013423117610908974,0.001153199531426452,0.6210390654422154,0.03717486216845625,0.029275189654193012,0.0037876208610778672,0.18281191346431255,0.041113454002291536,0.031134559195701073,0.5076525367169942,0.5121482798642014,1.2347673463516546,1.9319758912414795,1.6523027737923868,2.975449025791903,0.0,0.0014726992632883573,2.1063795232127287,0.0475241213013885,0.038490323824665884,0.027554660984457094,0.7528709960927557
0.003088843596477485,0.12174305135708552,0.0570670675077163,0.0422042859696769,0.00884827474774158,0.2794853663918232,0.05670272896995926,0.047115529256628874,0.16556092188651972,0.09082294469545754,0.03992505524786072,0.029940526612963758,0.02008722630059534,0.12003313266109794,0.0,0.0035236651141967446,0.11510002255913498,0.0775751389014433,0.06064389024278746,0.037855758040927764,0.02824356371047787,0.1479823095207494,0.1654274206263655,0.08192045137577741,0.11175990083588339,0.3908175896902324,0.11168750387107348,0.12316727997367272,0.4151566830305576,0.12466108050927682,0.22478202694538452,0.07630843074613991,0.020828692882603292,0.17950720278161914,0.041078588272711825,0.08202198965428198,0.10429944822667536,0.11460505448845996,0.18506304707008592,0.26032283997660505,0.09245517304970763,0.00233698675824634,0.002627630072923992,0.0022655178373085505,0.0028279489813201053,0.0023950401377250685,0.0023499049109769743,0.0024829082273880587,0.0027451844172290407,0.0029554227647548004,0.0029585082983452082,0.002299791289708253,0.002354099836258783,0.0027977488197752365,0.002389045697436032,0.0028842733514542473,0.0028304278696271723,0.00301244702319714,0.0028942149302704223,0.0021528240566528467,0.0025080812658764273,0.5887831192618822,0.0570670675077163,0.042204285969676625,0.008848274747741247,0.2794853663918232,0.05670272896995969,0.04711552925662865,0.37178791943900213,0.48989323184570394,1.217604381490716,1.9265335425614851,1.6470675681604487,2.9422599033498553,0.0,0.003523665114197466,2.069190275193301,0.07757513890144407,0.06064389024278746,0.037855758040927764,0.7440333037126624
0.006866488450042998,0.15976203866090455,0.0797864279601736,0.0638394566459874,0.018449372166141675,0.3646684223212733,0.08708318217447292,0.06960498149109962,0.14862904070368332,0.10559481810777993,0.0579049330981285,0.03435860621423781,0.02963517273179317,0.14325372236128908,0.0,0.006539316384699623,0.16705344657168641,0.11253768707501188,0.10884012245510669,0.08267306310553502,0.03956982899260242,0.18815998302908588,0.22545042809239335,0.12475278413622215,0.15949702239465324,0.40384244529720104,0.17369237686331815,0.18132562000087904,0.41158344291194654,0.14783870621720938,0.2825877957658369,0.11910797019740071,0.03133417585052517,0.20925214685197502,0.0612662679041045,0.11554143916881698,0.15572906484083537,0.16899409910879043,0.37072899849353336,0.37088954933824564,0.13499999500701443,0.005483647760343935,0.004933891145370239,0.005127087308499867,0.00600604420677886,0.005400544212887937,0.005304844407624465,0.005045232193500837,0.005679931956022344,0.004822042514375902,0.005044515100870228,0.005371082721994824,0.005266806247422373,0.005827388562093638,0.005345293473506096,0.0062588358645960795,0.006308831269617343,0.006362259340223275,0.006553230576203717,0.006276282154983548,0.005118388430874532,0.5507641319580632,0.0797864279601736,0.06383945664598713,0.018449372166141342,0.3646684223212733,0.08708318217447335,0.0696049814910994,0.38871980062183853,0.47512135843338155,1.1996245036404483,1.922115462960211,1.637519621729251,2.919039313649664,0.0,0.006539316384700344,2.0172368511807495,0.11253768707501266,0.10884012245510669,0.08267306310553502,0.7327070384305379
0.015264179671752302,0.17278537846063613,0.12236147597289851,0.1059416416308373,0.038299168586503285,0.4243669926484543,0.1324189907886721,0.12221399622058404,0.11904862670636773,0.13384382607039313,0.11186281483089555,0.023812213680597605,0.046980882144483704,0.1748607613768356,0.0,0.010290055250427588,0.2220708082712366,0.1589062783879568,0.17892421890467858,0.15978423860464416,0.06180039464036946,0.22165260362657807,0.3253568757530516,0.20988538844359983,0.21940803397674924,0.37341230823222776,0.271808289374666,0.3201240300229675,0.42605606474767926,0.18089787714130165,0.4068793328440292,0.20635325467292337,0.051721337212176616,0.2426918965465643,0.09921531401265171,0.14650909455372996,0.21843332890644973,0.2417298551342021,0.5319965723751358,0.41420227198923093,0.2290879842772484,0.0144597386327181,0.011162146249644067,0.013918820117075015,0.012767695812128999,0.012027457393455343,0.011874077856404597,0.013355939768082692,0.012916747165933273,0.012068605374444097,0.014605270514098656,0.014511323620197025,0.014053398666494132,0.014268876255679075,0.014304955963961419,0.011423907992981874,0.012677477403563842,0.012854609122085137,0.011478630039461812,0.015083312526765091,0.013629370257000062,0.5377407921583316,0.12236147597289851,0.10594164163083702,0.03829916858650295,0.4243669926484543,0.13241899078867253,0.12221399622058382,0.4183002146191541,0.44687235047076834,1.1456666219076812,1.9326618554938513,1.6201739123165604,2.8874322746341177,0.0,0.01029005525042831,1.9622194894811993,0.15890627838795757,0.17892421890467858,0.15978423860464416,0.7104764727827708
0.0339322177189533,0.1541653627460715,0.19284009611453976,0.13769125251126346,0.07940494465187753,0.4504214780192299,0.17849110094374848,0.1966711196375911,0.0974440849014937,0.1497599846302584,0.14251106520814316,0.02184001939593605,0.06541452712490647,0.20285120436837412,0.0,0.018232191595141695,0.2734346086789359,0.23655333491629993,0.298519950334065,0.22443209024281466,0.08818279745023172,0.22665563559133606,0.47588756896269757,0.27689643522200824,0.3147136151257769,0.31510738176186587,0.3954060901273087,0.538065326753246,0.43530021198364566,0.20714408679456453,0.4577511115400895,0.3119164447211894,0.07591140565473606,0.3243288367769863,0.1411963173109323,0.18514958839037243,0.3331289440742875,0.3498196537769611,0.5651257978044079,0.4574809626747378,0.35340087061290926,0.029178070124764588,0.02877006256849679,0.023432185982130704,0.028519046755496547,0.02653099067505771,0.03187938683649705,0.02983126433889538,0.02634949440979195,0.026146518668814345,0.03125515999222106,0.030210996492890274,0.029609993207875718,0.028648471940927678,0.030181160641580718,0.024921345528698957,0.03284369295663847,0.029853773181818255,0.02480352747981307,0.02382518977877357,0.030444692308276622,0.5563608078728962,0.19284009611453976,0.13769125251126318,0.0794049446518772,0.4504214780192299,0.1784911009437489,0.19667111963759087,0.43990475642402815,0.43095619191090306,1.1150183715304336,1.978314088570385,1.6017402673361376,2.859441831642579,0.0,0.018232191595142416,1.9108556890735,0.2365533349163007,0.298519950334065,0.22443209024281466,0.6840940699729086
0.07543120063354607,0.11717458600637498,0.23354438480438566,0.2131851353757943,0.13503274134665427,0.46628982945106306,0.18039837638028566,0.20520768052367067,0.07743491359273047,0.14396623468944714,0.11790797436782952,0.0948291168231381,0.08692783298482731,0.2228446507438675,0.0,0.036465429487499396,0.23660025390273165,0.3100844518708511,0.4615520141844503,0.4689455748544895,0.11743926297129403,0.2533543834331595,0.5726371507834143,0.4692396819761774,0.36559564600110966,0.36169643341044916,0.44469076115397543,0.7899372761784423,0.4424968261971016,0.286322019605065,0.48367371288854866,0.4161456296781896,0.10965290209029281,0.4504201409341073,0.1922788801495292,0.22949998808681715,0.45520361718523006,0.42939052129585514,0.7318634890260646,0.7363913752114659,0.48379524037723665,0.0699716525923808,0.0449543098165881,0.05827214481630705,0.06942675235697493,0.05619556920091817,0.05694088726735558,0.07496813050309825,0.06572561890861639,0.06312796538655885,0.07327468074007726,0.05729338434211062,0.06022145574738236,0.05631691295762664,0.06116220160083863,0.06447519918821953,0.06867325672087965,0.05478046604231057,0.06839166047628442,0.07264325162667529,0.056107110386490966,0.5933515846125927,0.23354438480438566,0.21318513537579403,0.13503274134665394,0.46628982945106306,0.1803983763802861,0.20520768052367044,0.4599139277327914,0.43674994185171434,1.1396214623707472,2.051303185997587,1.5802269614762168,2.8394483852670858,0.0,0.03646542948750012,1.9476900438497042,0.3100844518708519,0.4615520141844503,0.4689455748544895,0.6548376044518462
0.167683293681101,0.1021363730355963,0.3529959061225503,0.283469237308534,0.17012306907064356,0.5252156374906147,0.15609200023066166,0.14810581828720726,0.06409210553125166,0.11834957733074397,0.06911367327742846,0.14058079935095513,0.11054853804529485,0.1974713972960518,0.0,0.06034991221950753,0.14905839004597476,0.4171780285461345,0.5320145103298103,0.6081374883882292,0.17755200576642316,0.3065822807969326,0.9807303788908459,0.6363640921997193,0.44621291877850355,0.43281165726337734,0.6460383937645278,0.9347048894886519,0.4419237946795622,0.3629204584415985,0.5533691152953797,0.5700106555512184,0.16474889388467887,0.6318249274618453,0.2540367781165276,0.2726154977702645,0.599803141184656,0.5337534261309619,0.8710596799046465,0.8572611834920627,0.6928148218785918,0.10846713351258952,0.15890543079697395,0.117446337573754,0.13408958572619056,0.1471996117423604,0.12236879172172266,0.11782860700491593,0.13706292206976567,0.12222110611419801,0.14049539679820988,0.1161656937484441,0.13235567275798843,0.11957441855252249,0.1316478022077341,0.1351606581913325,0.12689986941561848,0.11786929524809153,0.12075997317963694,0.1271067296390198,0.1223753176950062,0.6083897975833714,0.3529959061225503,0.28346923730853374,0.17012306907064323,0.5252156374906147,0.1560920002306621,0.14810581828720704,0.4732567357942702,0.4623665992104175,1.1884157634611483,2.097054868525404,1.5566062564157492,2.8648216387149015,0.0,0.06034991221950825,2.035231907706461,0.4171780285461353,0.5320145103298103,0.6081374883882292,0.5947248616567171
0.3727593720314938,0.06378242747797813,0.367788115547543,0.35619188353865716,0.19448007204286866,0.5621542777513001,0.12901524070816717,0.04235094894938485,0.047836663886679454,0.07419478208784414,0.02051840876982336,0.06171516632399454,0.11506343642012284,0.08765393004932509,0.0,0.09964695038423266,0.06362475538594214,0.5371975793591004,0.6062697287099026,0.7397185124834612,0.24917384122591457,0.46732384874342814,1.0334357242935008,0.8307787351182007,0.5516171059294348,0.4545325067988659,1.0187216455112489,1.2110590024659467,0.42172148026647394,0.45525316223760187,0.6064571698448336,0.771993125084163,0.2578748855245035,0.9333604789951824,0.38744385957650107,0.3804370764603543,0.8054309516698177,0.8004363384836625,1.0476727140534206,0.9685669188993732,0.987174827011325,0.31726058333590323,0.19192203581814926,0.3085474900369336,0.2852181815515147,0.21513543829013404,0.3515808504855489,0.36189742641649136,0.31439590493353187,0.25130207442217767,0.3043590263541853,0.30245717894789337,0.3251841650038756,0.29145261592424276,0.31283341912986273,0.3244184915767976,0.24739412999556265,0.3226557660067906,0.23717330239973045,0.24800286208045286,0.28267385735014283,0.6467437431409896,0.367788115547543,0.3561918835386569,0.19448007204286832,0.5621542777513001,0.1290152407081676,0.04235094894938507,0.4895121774388424,0.5065213944533173,1.2370110279687534,2.0181892354984434,1.5520913580409212,2.974639105961628,0.0,0.09964695038423338,2.1206655423664937,0.5371975793591012,0.6062697287099026,0.7397185124834612,0.5231030261972257
0.8286427728546826,0.05463228849430157,0.36834305718890725,0.3626168475644899,0.19563441173892693,0.5923741945769867,0.12744646150406608,0.05864423050479706,0.04476317154170134,4.227499350584196e-09,0.015052253441579566,1.5326251356917453e-07,0.110156830405435,0.06874735204003635,0.0,0.1061330994593524,1.2963198514626129e-08,0.5496779665413041,0.6550543018552573,0.7772496921093802,0.23678062929466903,0.4830415664351923,1.035465348026333,0.8633785261682045,0.5722465293819463,0.48238123540489897,1.0669393084030856,1.2351228397131404,0.4120371853259154,0.5947730115183534,0.612127608322458,0.9753014857516238,0.2776940866019388,1.058668803790443,0.4138100890964123,0.39939561050916256,1.054218290313841,0.8552269914561547,1.11185566789215,0.99437554220381,1.194399678447192,0.35877669650028565,0.1937917424205562,0.3491548047293547,0.324265081797126,0.29704568181090263,0.3976480601871364,0.4106034325908112,0.3649972655643223,0.6245695724326463,0.34509579762287323,0.6621237034390299,0.3803769711371707,0.38982677996852644,0.3581614732531708,0.3697317925270074,0.4686980440247268,0.3724714155599145,0.32175544160583414,0.3132124911415284,0.4429268531662611,0.6558938821246661,0.36834305718890725,0.36261684756448964,0.1956344117389266,0.5923741945769867,0.12744646150406652,0.05864423050479728,0.4925856697838205,0.5807161723136621,1.2424771832969972,1.9564742224369625,1.556997964055609,2.993545683970917,0.0,0.10613309945935312,2.1842903107156344,0.5496779665413049,0.6550543018552573,0.7772496921093802,0.5354962381284712
1.8420699693267164,0.010421114545413501,0.36834305782165955,0.39194601853477207,3.417161936747348e-08,0.5923741937521698,0.12420253558508622,0.1415999096126893,6.050923762046523e-09,3.915655133468476e-09,2.8337008295409305e-09,5.650006862367718e-08,4.105930262454649e-09,2.1752497580962427e-08,0.0,0.11153794333278236,1.033805920869213e-07,0.5863126283074491,0.6550543020804748,0.8766305968052779,7.286617642598969e-09,0.6303340440941739,1.0354654193898851,1.0758774238158348,0.8518878857220591,0.48238124781178604,1.211736310142233,1.6666268250992538,0.3755168967400805,0.5947730195922599,0.7746031366686229,0.975301535373581,0.4411156632975121,1.3002819079459003,0.4503382746698142,0.41588132752469065,1.0542183008823724,1.268451527519374,1.1118557034681587,0.9661326184738612,1.5471408735752228,0.7641296490726539,0.19379174662776233,0.6760771759991524,1.1420204049831746,0.2970456845105751,0.5762004059348689,1.5455652334367596,0.9413887878937324,0.6245695871043724,1.7504138503471571,0.6621236715220897,1.1342064544312986,0.6568301996626325,0.4277376890659248,0.41230098686562755,0.4686980327777892,0.8612586505155235,0.32175543372301973,0.7231741373090292,0.9025124657345325,0.7001050560735542,0.36834305782165955,0.3919460185347718,3.417161970054039e-08,0.5923741937521698,0.12420253558508665,0.14159990961268953,0.5373488473764456,0.5807161804568166,1.257529433904876,1.9564741256745175,1.6671547985669743,3.062293057763451,0.0,0.11153794333278308,2.184290194371844,0.5863126283074499,0.6550543020804748,0.8766305968052779,0.7722768747097579
4.094915062380419,4.424752897413953e-09,0.36834305996194233,0.423218969534806,2.0387672161614745e-08,0.5923741926423626,0.11216139038041496,0.14160007874671182,1.566596965485445e-07,2.6967760247131878e-09,3.53587803481048e-08,8.849211408090696e-08,2.1300472496932343e-10,1.115432564091634e-07,0.0,4.658612709484977e-08,1.4419542448962375e-08,0.5863126274216027,0.6550542819505274,0.8766306496143259,1.684999958451172e-07,0.7374459326407241,1.0354653492212154,1.3185039427140892,0.851887884641774,0.48238124821144424,1.6070662869307317,1.6666266555606826,0.37551687453915233,0.5947730255874258,0.7746031415850771,0.9753015524898551,0.44111566401357744,1.3002819551761338,0.8017165702390044,0.8601483567601322,1.0542183085197474,1.268451609924257,1.1118556924804333,0.9661325439855651,1.547140728807667,1.1392722843309384,0.19379173682748352,1.2858462244922748,1.1420203314732653,0.2970456899080709,1.5075611344776458,1.5455652000361022,0.9413887593244059,0.6245695971322052,1.7504139246458177,0.6621237181510384,1.1342064531709841,0.6568302097402983,1.7707453370300126,3.0018789378333572,0.46869805340785575,0.8612586550309214,0.32175542512309985,0.7231740654460612,0.9025124926608115,0.7105261750437206,0.36834305996194233,0.4232189695348057,2.0387671828547838e-08,0.5923741926423626,0.1121613903804154,0.14160007874671204,0.5373486846658253,0.5807161792379375,1.2575294013797964,1.956474157666563,1.6671547946740488,3.0622931475542097,0.0,4.6586126373204806e-08,2.1842902833328934,0.5863126274216035,0.6550542819505274,0.8766306496143259,0.7722766989231444
9.102981779915227,7.168147186931151e-10,0.3683430559174152,0.42321895391834347,1.3880626315021516e-08,0.592374195964887,0.11216132922536672,0.1415998792827905,7.76968896998298e-08,8.995026945513018e-10,1.0276257622621188e-09,5.1904061049157235e-08,3.2727265342202827e-10,5.3555048395992344e-08,0.0,2.4008188603819036e-07,9.37529165412343e-09,0.5863126370287249,0.6550543117875451,0.8766306347349502,7.971609150558834e-08,0.7374459480540065,1.0354653449934497,1.3185039610536453,0.8518878707313691,0.482381249317828,1.6070663155748044,1.6666268568213973,0.37551690740745647,0.5947730210376413,0.7746032191094452,0.9753015664167117,0.4411156639806565,1.300281983226562,0.8017165636909745,0.8601484109503643,1.0542182914387856,1.2684515750915653,1.111855725280191,0.9661325965779616,1.5471409452897662,1.139272333342693,0.19379173981032505,1.2858461208025656,1.1420203262936308,0.29704568865322045,1.5075613392154263,1.5455653967222291,0.9413888528344208,0.6245695888872147,1.750413874161632,0.6621236983593803,1.1342064533328546,0.6568302490920237,1.7707453122992263,3.001878876165252,0.4686980351461596,0.8612586455513096,0.3217554501476032,0.7231741276446408,0.9025125436146215,0.710526169902153,0.3683430559174152,0.4232189539183432,1.3880625981954609e-08,0.592374195964887,0.11216132922536715,0.14159987928279072,0.5373489190224116,0.5807161756416588,1.2575294377662025,1.95647412107851,1.6671547947883167,3.062292982455905,0.0,2.4008188675983533e-07,2.1842902883771442,0.5863126370287257,0.6550543117875451,0.8766306347349502,0.7722769471392318
20.23589647725164,9.13769415689103e-09,0.36834307733394994,0.42321896739291337,1.748055489247946e-08,0.5923742416467499,0.11216133664963913,0.1415998262105565,5.6886988453186405e-08,2.7209055009080885e-09,1.985694941808447e-09,8.19798349205314e-08,3.610072241144735e-10,9.166176262453973e-09,0.0,5.5964525513818586e-08,1.0228963009950576e-08,0.5863126402029785,0.6550542981794544,0.8766306294071319,1.7602740154387675e-08,0.7374459360231987,1.0354653634034325,1.3185039464060357,0.8518878858627708,0.4823813051641246,1.607066641553551,1.6666267569308548,0.3755169095439541,0.594773003093129,0.7746030562202483,0.9753015793579487,0.4411156660259737,1.3002819788547564,0.8017165691844464,0.8601483955380006,1.0542182923213594,1.2684517605862766,1.1118556992143682,0.9661326222214062,1.547140723095234,1.139272279386021,0.1937917579667019,1.2858462213769801,1.1420203128553634,0.29704569503193223,1.507561634072216,1.5455652719346826,0.9413889066555914,0.6245695938558535,1.750413480144113,0.6621237429388636,1.13420646653657,0.6568302358791449,1.7707453357773337,3.0018792374288807,0.4686980465632056,0.8612587827441427,0.3217554189715992,0.7231742188791701,0.9025124599050569,0.7105261797566619,0.36834307733394994,0.4232189673929131,1.7480555225546368e-08,0.5923742416467499,0.11216133664963956,0.14159982621055672,0.5373488982125103,0.580716173820256,1.2575294347528818,1.956473987194614,1.6671547948220513,3.062293026844777,0.0,5.596452623546355e-08,2.184290307981399,0.5863126402029792,0.6550542981794544,0.8766306294071319,0.7722768850258804
44.984326689694534,6.298673704829838e-08,0.36834305710708976,0.42321897989635027,8.406003804140028e-08,0.592374198834672,0.11216133376384664,0.1415999657981103,5.02651192890724e-08,2.5470676234817802e-08,1.148082962032504e-08,2.3217021838384255e-07,5.062672503441945e-10,1.507331814920576e-08,0.0,1.9196097866824857e-07,8.165506670820832e-08,0.5863126186875839,0.6550542909441994,0.8766307136162235,1.9760842262517286e-07,0.737445883786904,1.0354654393156866,1.318503855958107,0.8518878964736993,0.4823812740851593,1.6070664925980842,1.6666267849667151,0.37551691981314805,0.5947730375045738,0.7746031407058525,0.9753015791574894,0.4411156642120591,1.300281933013211,0.8017165694525569,0.8601483718562768,1.054218265364443,1.268451803323238,1.111855668243219,0.9661325815173667,1.5471411073338697,1.1392721466832008,0.19379173668153982,1.2858462252987142,1.142020232780843,0.2970456810861588,1.5075614334104301,1.5455653029260725,0.9413889094915042,0.6245696336094007,1.7504138535450755,0.6621237013951271,1.134206453476276,0.6568300312307827,1.7707453443413126,3.001878897602321,0.468698026053163,0.8612588005161248,0.3217554280561856,0.7231742272296966,0.9025125858166092,0.7105262336057048,0.36834305710708976,0.42321897989635,8.406003770833337e-08,0.592374198834672,0.11216133376384707,0.14159996579811052,0.5373487910604026,0.5807162020118377,1.2575294252577471,1.9564738370042305,1.6671547949673113,3.062293020937635,0.0,1.9196097938989354e-07,2.184290216097369,0.5863126186875847,0.6550542909441994,0.8766307136162235,0.7722770650315629
100.0,1.5496203986664625e-08,0.3683430629759207,0.42321895607442267,5.837592054191987e-08,0.5923741310805485,0.11216128837885132,0.14159986424690357,1.9312841437191253e-08,8.049289235145807e-09,1.820628936499702e-08,1.563285614292198e-07,4.3674708294361153e-10,1.3665197906576054e-07,0.0,1.4039832249568285e-07,1.0973354225285448e-08,0.5863125851716143,0.6550542436329881,0.8766305966482943,1.0480042755833807e-07,0.7374460116592877,1.0354653254544102,1.3185037683905145,0.8518879307934735,0.482381258094623,1.607066108347626,1.6666268919214005,0.3755169130725784,0.5947730105759877,0.7746031234920512,0.9753015226443812,0.4411156641562403,1.300282028627058,0.8017165585095463,0.8601483789677759,1.0542182966001796,1.268451683161421,1.1118558427769007,0.9661325064432046,1.5471408538344447,1.139272458103779,0.19379168938657898,1.2858460101267406,1.142020345785924,0.2970457595942353,1.5075610716122565,1.5455653235530633,0.9413888575846352,0.6245695825435487,1.750413820303934,0.6621237306204346,1.1342064533312914,0.6568302905972283,1.7707452699706732,3.0018791659752955,0.4686980472972513,0.8612587861986611,0.32175546391609,0.7231742866415658,0.902512519813091,0.7105261551227637,0.3683430629759207,0.4232189560744224,5.837592020885296e-08,0.5923741310805485,0.11216128837885175,0.1415998642469038,0.5373488606383633,0.5807161684918722,1.2575294549448661,1.9564739128458875,1.667154794024297,3.062292899358974,0.0,1.4039832177403788e-07,2.1842902867790817,0.5863125851716151,0.6550542436329881,0.8766305966482943,0.7722769722235678
