,condition,ace_circ,ace_true
0,1.1939227744055356,0.919267126036438,0.9200000000000008
1,3.1598892450607727,0.9195578788298909,0.9200000000000008
2,2.457821299248584,0.9196701317293968,0.9200000000000008
3,1.6684037745466884,0.91952917137595,0.9200000000000008
4,1.483157778636876,0.917963508425985,0.9200000000000008
5,2.3181899306640545,0.9179728616824929,0.9200000000000008
6,3.2695880826357993,0.09220161547022376,0.9200000000000008
7,2.7176245377997703,0.921618532730174,0.9200000000000008
8,1.5064690231649092,0.9192798505013524,0.9200000000000008
9,2.4299963094776054,0.9224304814372244,0.9200000000000008
10,3.1197398779171137,0.9193216728695366,0.9200000000000008
11,2.9995508557651336,0.9178353427197036,0.9200000000000008
12,2.201828615945185,0.9194666419334724,0.9200000000000008
13,2.2756006967056965,0.9180206350538692,0.9200000000000008
14,3.5261586067255535,0.9157314146077691,0.9200000000000008
15,3.0491657400579415,0.9180510471132804,0.9200000000000008
16,2.332943984070854,0.9173821044176856,0.9200000000000008
17,2.153159386131976,0.9192414670779436,0.9200000000000008
18,2.3524786623398457,0.919000781581634,0.9200000000000008
19,2.5404201642854805,0.9179395781498486,0.9200000000000008
20,1.3359685041134686,0.9238301767491852,0.9200000000000008
21,2.970280090240654,0.9175199549830688,0.9200000000000008
22,2.2010498759079056,0.9190893209558592,0.9200000000000008
23,2.0793166612005867,0.9196835695656079,0.9200000000000008
24,2.409105711444516,0.2035551038151924,0.9200000000000008
25,2.317708359603083,0.918486865529625,0.9200000000000008
26,1.7505217302718483,0.9191714836867756,0.9200000000000008
27,1.5826744288774806,0.9188063606050828,0.9200000000000008
28,2.318014596709921,0.919217705187952,0.9200000000000008
29,2.9442291721769047,0.9190496516217266,0.9200000000000008
30,2.0048555275587043,0.9188445016649672,0.9200000000000008
31,2.1314670893343064,0.9176052891120589,0.9200000000000008
32,1.8256496632570287,0.9213735443639528,0.9200000000000008
33,1.3462534293091173,0.9191986963261016,0.9200000000000008
34,2.9939465475465603,0.9182330944349693,0.9200000000000008
35,1.4011326642335704,0.9214840634693144,0.9200000000000008
36,2.6977874226572345,0.15449707864509302,0.9200000000000008
37,2.4287417820009347,0.9182367879383596,0.9200000000000008
38,1.7790300645125534,0.9213424737694912,0.9200000000000008
39,2.5335480378226345,0.18298172859568454,0.9200000000000008
40,2.8862104944408142,0.9198218838726264,0.9200000000000008
41,2.6808439947012217,0.9167567648961724,0.9200000000000008
42,1.8139508351211284,0.9192682538394574,0.9200000000000008
43,2.1017513478725984,0.9180055379126202,0.9200000000000008
44,2.6662793719657025,0.9216378224787528,0.9200000000000008
45,3.2203387796950995,0.4014186714972312,0.9200000000000008
46,1.9182879602803085,0.9206268168538478,0.9200000000000008
47,2.9269306297740485,0.9211822067414092,0.9200000000000008
48,3.4915170633448445,0.918085440316878,0.9200000000000008
49,2.17036347598094,0.9175518690302468,0.9200000000000008
50,1.4747252184872035,0.9188460487128868,0.9200000000000008
51,2.6691620647991794,0.9188681336000668,0.9200000000000008
52,3.2172470264980184,0.9223703637227576,0.9200000000000008
53,1.7213443392752146,0.9180835502541388,0.9200000000000008
54,1.6433801486541335,0.9179588666200134,0.9200000000000008
55,3.0601826653487403,0.9209204829429238,0.9200000000000008
56,2.4871929614507216,0.30717564766609584,0.9200000000000008
57,1.7694902005150697,0.9190028995104018,0.9200000000000008
58,2.0280785685827616,0.919347424616734,0.9200000000000008
59,3.011731114773464,0.1214862870425268,0.9200000000000008
60,1.9202824180929188,0.9181839223336276,0.9200000000000008
61,2.352243899042549,0.9213056604202636,0.9200000000000008
62,3.2129034183320457,0.9232524694917238,0.9200000000000008
63,2.3259951488487443,0.91881194186439,0.9200000000000008
64,1.3038802722803622,0.92259013596279,0.9200000000000008
65,1.701116755113228,0.9181966071862948,0.9200000000000008
66,2.1678177741085647,0.9169020063691876,0.9200000000000008
67,1.7929686313280142,0.9206217961222094,0.9200000000000008
68,2.4299902338244705,0.9196947671610304,0.9200000000000008
69,1.8145375039313885,0.9190642437228528,0.9200000000000008
70,1.3734885460823154,0.918451850990385,0.9200000000000008
71,2.245539028771454,0.9196649660593696,0.9200000000000008
72,2.3125239519315133,0.9224028273822312,0.9200000000000008
73,1.1547409932450263,0.9202601179006716,0.9200000000000008
74,2.229301866965105,0.9202898075617864,0.9200000000000008
75,3.163033371875932,0.9223463810894104,0.9200000000000008
76,2.1863721406634067,0.9192118259332632,0.9200000000000008
77,2.649842221508147,0.22728041339967806,0.9200000000000008
78,2.9709008288301217,0.9180965744496729,0.9200000000000008
79,1.7286963338182997,0.9203177238637944,0.9200000000000008
80,1.712095084524746,0.9195924265621144,0.9200000000000008
81,1.8784829335268038,0.9175719838573732,0.9200000000000008
82,1.8262413914247968,0.9183181865337648,0.9200000000000008
83,1.880944039733253,0.9190040623968814,0.9200000000000008
84,2.535262061808184,0.9189071309970818,0.9200000000000008
85,1.5629609835425993,0.9186338486928898,0.9200000000000008
86,2.23866439211803,0.9180451999177328,0.9200000000000008
87,3.024846227530745,0.0998750955354874,0.9200000000000008
88,1.4629903351061553,0.9195440455541772,0.9200000000000008
89,1.9361252536036881,0.9195441762826748,0.9200000000000008
90,2.7114684494970738,0.9184752228610398,0.9200000000000008
91,1.552390498935521,0.9191315015287512,0.9200000000000008
92,1.6083311042318311,0.9181967081358826,0.9200000000000008
93,2.02214908119966,0.9198423551176024,0.9200000000000008
94,1.3910755573537783,0.918431753106534,0.9200000000000008
95,2.327563561598184,0.918742374115978,0.9200000000000008
96,2.2678646772287934,0.9185123678255956,0.9200000000000008
97,2.109627655332933,0.9185320458057602,0.9200000000000008
98,1.7554228645792365,0.9191067457198374,0.9200000000000008
99,3.1767898289978462,0.07477625853443033,0.9200000000000008
100,1.9259510055513709,0.9189429520473326,0.9200000000000008
101,2.4985683568155057,0.9194304735051756,0.9200000000000008
102,1.6820237841271777,0.9188073329957293,0.9200000000000008
103,2.3022377346327656,0.9187601952327852,0.9200000000000008
104,2.370529482770338,0.9207272445039908,0.9200000000000008
105,2.8596632791660177,0.9175762424195656,0.9200000000000008
106,3.766151053067112,0.9183456087748524,0.9200000000000008
107,2.193609297560093,0.9205117911124752,0.9200000000000008
108,2.4840093015638134,0.9189281169940222,0.9200000000000008
109,1.9560747865035253,0.9199057838927116,0.9200000000000008
110,2.206955805430771,0.9180264414479749,0.9200000000000008
111,2.1946437689113147,0.919914540140114,0.9200000000000008
112,3.1376940039316112,0.9163513614764216,0.9200000000000008
113,3.0160945606533325,0.9186597679047384,0.9200000000000008
114,2.5965096782415578,0.9207273769266976,0.9200000000000008
115,1.9570410834564596,0.918146626703435,0.9200000000000008
116,3.481592361556274,0.918302383859636,0.9200000000000008
117,2.159573750282063,0.9185281563686942,0.9200000000000008
118,3.2554114743110114,0.9189516465475972,0.9200000000000008
119,2.1980251886972275,0.918364334166902,0.9200000000000008
120,1.2477718441046193,0.9185591908984466,0.9200000000000008
121,1.273536008220307,0.9190631151848826,0.9200000000000008
122,2.111952305525408,0.9187094797984044,0.9200000000000008
123,1.8383264647984032,0.9196113601715922,0.9200000000000008
124,2.455186939225968,0.9220298393240262,0.9200000000000008
125,2.4584337494769253,0.9187384305231912,0.9200000000000008
126,1.096824162802648,0.9203816490590336,0.9200000000000008
127,2.9631259648495285,0.9191841876180143,0.9200000000000008
128,3.2005459453338028,0.4688166837321706,0.9200000000000008
129,2.244504219953296,0.2339467825357469,0.9200000000000008
130,1.9343042061092468,0.9200708307915522,0.9200000000000008
131,1.7764203106799226,0.9193782772817576,0.9200000000000008
132,1.6263218434753617,0.9183005245892042,0.9200000000000008
133,1.6998416618927688,0.9201730264797466,0.9200000000000008
134,1.5558006761686098,0.9182534059791804,0.9200000000000008
135,2.262614628561152,0.9196661399039976,0.9200000000000008
136,1.1356051884106146,0.9204620942233122,0.9200000000000008
137,3.0273810780496504,0.9191620979740692,0.9200000000000008
138,1.95565609245434,0.9183368844147116,0.9200000000000008
139,1.56775601031531,0.9184524742789704,0.9200000000000008
140,3.2341617707990946,0.9195375859513992,0.9200000000000008
141,3.3231414026927397,0.9194805188301436,0.9200000000000008
142,1.3863070373672468,0.9183008335103648,0.9200000000000008
143,1.5908321212499366,0.9180775135020828,0.9200000000000008
144,2.8693255647153233,0.9205456627273764,0.9200000000000008
145,2.5760502883640486,0.9191938615587502,0.9200000000000008
146,1.6030005328129389,0.9195330590262244,0.9200000000000008
147,2.8135375687493127,0.9190743223755604,0.9200000000000008
148,2.2960804572674003,0.9189342958545744,0.9200000000000008
149,1.120907245973578,0.9185680454140446,0.9200000000000008
150,2.10029904233916,0.9177167589029208,0.9200000000000008
151,2.222162154431253,0.9189070727406746,0.9200000000000008
152,3.4495313094176,0.9212282622290568,0.9200000000000008
153,2.2186082315826954,0.9174637968327116,0.9200000000000008
154,1.5680583817378326,0.9194224103058649,0.9200000000000008
155,2.4768167754845427,0.9195251768915536,0.9200000000000008
156,1.7133849808414368,0.9193334081007266,0.9200000000000008
157,1.9090593440873664,0.9191189276235608,0.9200000000000008
158,2.1252281150722725,0.9177069022035002,0.9200000000000008
159,2.296893668543272,0.91774886426645,0.9200000000000008
160,1.8232985663772023,0.9215023846846604,0.9200000000000008
161,2.9730470191399037,0.35832107591313145,0.9200000000000008
162,1.8512786178207763,0.9215255611041048,0.9200000000000008
163,1.6330158223893703,0.9189587713955184,0.9200000000000008
164,1.8945394403597364,0.9191476085374904,0.9200000000000008
165,1.3753413848736755,0.9181837357713828,0.9200000000000008
166,3.2242803128782898,0.916564842639412,0.9200000000000008
167,2.471090917138493,0.9213598919630482,0.9200000000000008
168,1.604940677053974,0.9194469605913675,0.9200000000000008
169,3.0138810314095137,0.20003113245204834,0.9200000000000008
170,2.170511771515032,0.9186084655817106,0.9200000000000008
171,1.3204851717435742,0.9195127556862168,0.9200000000000008
172,2.2029932963254057,0.9187667170904218,0.9200000000000008
173,2.4439072177799503,0.9181294681688984,0.9200000000000008
174,2.349070144542236,0.9193545503666362,0.9200000000000008
175,1.8944270679364772,0.9180139940058292,0.9200000000000008
176,2.0515112480129702,0.91928917858949,0.9200000000000008
177,2.152055393397332,0.9214283317765072,0.9200000000000008
178,2.9081664781262457,0.9201021717559134,0.9200000000000008
179,2.0578126193306154,0.9179349470389212,0.9200000000000008
180,2.3951579475560294,0.9180598241955042,0.9200000000000008
181,2.0202375826121832,0.9198780666481372,0.9200000000000008
182,3.053786725593875,0.9188927765544964,0.9200000000000008
183,1.5485490003883249,0.9205528781092696,0.9200000000000008
184,3.249557893019852,0.9219837790394464,0.9200000000000008
185,2.128988109160355,0.9183004684987492,0.9200000000000008
186,1.4000433199385411,0.9195218344011916,0.9200000000000008
187,2.5633768097934806,0.9193609640634792,0.9200000000000008
188,1.7822392858394631,0.9194094278847073,0.9200000000000008
189,1.6652900828419333,0.9218097411341069,0.9200000000000008
190,1.1227886415522041,0.9185044222107418,0.9200000000000008
191,1.851567408539131,0.9183732583928628,0.9200000000000008
192,1.8094195557217128,0.917886911954206,0.9200000000000008
193,2.3478538296684257,0.9205583240398744,0.9200000000000008
194,1.4753609202322189,0.9179205477495502,0.9200000000000008
195,2.8288466102214938,0.9183718831001516,0.9200000000000008
196,2.6704685889475153,0.9191435266591356,0.9200000000000008
197,1.188291421562529,0.9187385141855235,0.9200000000000008
198,3.281921517426553,0.3694692321460794,0.9200000000000008
199,1.7939230668639117,0.9194301087603036,0.9200000000000008
200,2.2879257412748806,0.9178938026214868,0.9200000000000008
201,2.5557428233836292,0.9182771002380994,0.9200000000000008
202,2.3787922977186735,0.91918082330579,0.9200000000000008
203,2.2617217282454685,0.9213447023384244,0.9200000000000008
204,1.864829589522147,0.9183048945423647,0.9200000000000008
205,1.4801690126155438,0.917924793963648,0.9200000000000008
206,2.413976579664208,0.9192103112172291,0.9200000000000008
207,1.2029258513539198,0.9206141812912328,0.9200000000000008
208,3.219520279492444,0.9177575357545722,0.9200000000000008
209,1.7523523622183623,0.9178468484363626,0.9200000000000008
210,2.5767425379738045,0.9211534866541808,0.9200000000000008
211,3.5626715743884443,0.02018818028628966,0.9200000000000008
212,3.6262024675129294,0.9194580261142036,0.9200000000000008
213,2.3157823418280774,0.9209921966435456,0.9200000000000008
214,3.2577250609373327,0.9217178837279892,0.9200000000000008
215,1.6888458540968914,0.919874468060336,0.9200000000000008
216,3.0168352593414416,0.9202977618647344,0.9200000000000008
217,2.578408864504796,0.9173840415003476,0.9200000000000008
218,2.3454214712944514,0.917929293186588,0.9200000000000008
219,1.7573635343613558,0.9193873647362512,0.9200000000000008
220,1.7273340221343776,0.9200076341170822,0.9200000000000008
221,3.2667515090846897,0.9194075756053448,0.9200000000000008
222,1.3603206202536238,0.9202817783877882,0.9200000000000008
223,1.1657295376895511,0.9192906653166388,0.9200000000000008
224,2.279625535643365,0.9197412366221492,0.9200000000000008
225,1.5420560416488325,0.9193612046883852,0.9200000000000008
226,1.8112102567029251,0.9186822430058592,0.9200000000000008
227,2.117168738443988,0.92125221878674,0.9200000000000008
228,1.5040677462151286,0.9203509830034526,0.9200000000000008
229,2.490693123816816,0.9208245697095314,0.9200000000000008
230,2.053840975015204,0.9195696428277484,0.9200000000000008
231,1.718614359687621,0.9194606188179492,0.9200000000000008
232,2.061478691948309,0.9182619737573566,0.9200000000000008
233,2.553991733281208,0.9176950736720556,0.9200000000000008
234,3.578109002099301,0.9188837419548704,0.9200000000000008
235,3.0750871876650168,0.920109583477466,0.9200000000000008
236,2.8261247423584517,0.91842974152395,0.9200000000000008
237,3.804134668775972,0.9217168210469752,0.9200000000000008
238,3.2116498713765806,0.919124577881427,0.9200000000000008
239,2.383008866004728,0.9181161271833509,0.9200000000000008
240,1.9351645617698527,0.9199981507842492,0.9200000000000008
241,2.831990875902972,0.4009303900318477,0.9200000000000008
242,2.6201330166893944,0.9197883210188038,0.9200000000000008
243,2.061718757045317,0.921969789241002,0.9200000000000008
244,1.686691090796974,0.9186863101111876,0.9200000000000008
245,3.028236875633596,0.5198826408654625,0.9200000000000008
246,1.5323818026173113,0.9213576949636816,0.9200000000000008
247,2.9597972411288755,0.9165889443803455,0.9200000000000008
248,2.8286858642592203,0.9189207462731016,0.9200000000000008
249,1.4867429327830848,0.9209969725678852,0.9200000000000008
250,1.7367920230788898,0.9187168452921156,0.9200000000000008
251,2.3532836218084925,0.919085179066352,0.9200000000000008
252,2.4943792175752275,0.9177013343847696,0.9200000000000008
253,1.7078221108106244,0.9190171279167026,0.9200000000000008
254,1.9732388158581136,0.9194015809831896,0.9200000000000008
255,2.1835171369838857,0.9173654426503928,0.9200000000000008
256,2.425250548706933,0.9202820778304934,0.9200000000000008
257,1.3092875362730223,0.920903417009596,0.9200000000000008
258,2.490913686247904,0.917992544734288,0.9200000000000008
259,2.7840117509559037,0.9204670990328736,0.9200000000000008
260,2.5890435079585514,0.9226759947791788,0.9200000000000008
261,1.4166495305937383,0.9179942295608104,0.9200000000000008
262,1.5159880288478422,0.9195137362125771,0.9200000000000008
263,1.2763517413484444,0.9195076425158776,0.9200000000000008
264,2.9461868268955804,0.20560584853341732,0.9200000000000008
265,2.9061582722399955,0.9192803885965848,0.9200000000000008
266,2.2641729996977205,0.9216651328430748,0.9200000000000008
267,2.4783724765987745,0.9189284522406076,0.9200000000000008
268,2.7196584427692385,0.91699413871321,0.9200000000000008
269,2.471812713716085,0.9208721505754152,0.9200000000000008
270,3.2419483168672096,0.9195684368861391,0.9200000000000008
271,2.3199722946611194,0.9198388025639106,0.9200000000000008
272,2.187802821380547,0.9200030501331079,0.9200000000000008
273,1.2006775150803324,0.9205750012290572,0.9200000000000008
274,2.1840887036215983,0.919246029890208,0.9200000000000008
275,1.715455272134942,0.9180308458616042,0.9200000000000008
276,3.790657150708052,0.3715318002530463,0.9200000000000008
277,2.5447338048405506,0.9208090105492532,0.9200000000000008
278,2.34441510331876,0.9181393408557478,0.9200000000000008
279,1.4132921776277256,0.9202948527790504,0.9200000000000008
280,1.7730731261706996,0.9210441694808708,0.9200000000000008
281,1.8701759767591977,0.9189472619062272,0.9200000000000008
282,1.5952694959084002,0.9194457006922774,0.9200000000000008
283,1.9282683843049329,0.920205831455549,0.9200000000000008
284,3.3966582356984305,0.9190121109606808,0.9200000000000008
285,2.420485266459913,0.9213985732770636,0.9200000000000008
286,1.5644276065065224,0.9219153628562872,0.9200000000000008
287,2.5312822779030446,0.91872479106298,0.9200000000000008
288,3.2249525837289212,0.9198321821754536,0.9200000000000008
289,2.074655067560061,0.9183644808877304,0.9200000000000008
290,3.0025530228754014,0.9157872276277328,0.9200000000000008
291,2.3345115451319765,0.9230843816272812,0.9200000000000008
292,1.5931395848610856,0.9193225485664304,0.9200000000000008
293,1.639946590294132,0.9182815855175636,0.9200000000000008
294,2.501211604177078,0.21027077238531652,0.9200000000000008
295,1.6011093176823887,0.9183996951180292,0.9200000000000008
296,2.7306499818945,0.9167275336081766,0.9200000000000008
297,3.3505986351963517,0.5197865291533666,0.9200000000000008
298,1.8734776379235012,0.9192373645331928,0.9200000000000008
299,2.0471426437928595,0.9193127805652791,0.9200000000000008
300,1.415076885371564,0.9192505549799111,0.9200000000000008
301,1.5027512921522768,0.9225868978146922,0.9200000000000008
302,1.7161678724255862,0.9189937389567692,0.9200000000000008
303,1.8624414668957243,0.9180842071735428,0.9200000000000008
304,1.7135990612621212,0.9193612684396903,0.9200000000000008
305,2.420943184318088,0.9177235987078344,0.9200000000000008
306,2.06655429772223,0.9181878729168196,0.9200000000000008
307,1.8588538508545167,0.9201163048316257,0.9200000000000008
308,3.1498906148129966,0.918949257913407,0.9200000000000008
309,1.3936755026549594,0.9184322487896392,0.9200000000000008
310,1.3860053669088284,0.9194333924528224,0.9200000000000008
311,1.3824848624960655,0.9210733442200351,0.9200000000000008
312,1.4933245224283849,0.9205427836750116,0.9200000000000008
313,2.393806112781119,0.9214123484684514,0.9200000000000008
314,2.0893155669498653,0.9183379893405323,0.9200000000000008
315,2.0697038337859373,0.9187318314182034,0.9200000000000008
316,2.795570088158009,0.1894320690842735,0.9200000000000008
317,2.033697045660104,0.9209423327411836,0.9200000000000008
318,1.925561703010869,0.9189130933562726,0.9200000000000008
319,3.8332401052395135,0.4322650476257516,0.9200000000000008
320,2.2512179996616197,0.9197781430188718,0.9200000000000008
321,3.192688740646405,0.2325257240854514,0.9200000000000008
322,1.5702481032073319,0.918145444424896,0.9200000000000008
323,2.945188876632353,0.9182741340213828,0.9200000000000008
324,2.166556982696795,0.9193724470866091,0.9200000000000008
325,1.711526183077561,0.9183271667057752,0.9200000000000008
326,3.2126075845156725,0.23247489629180665,0.9200000000000008
327,1.7137452312062944,0.918928693882222,0.9200000000000008
328,2.8054459448104367,0.9191717349396537,0.9200000000000008
329,2.9507333275413106,0.9192810390143038,0.9200000000000008
330,3.4554398881639155,0.9183664178511926,0.9200000000000008
331,2.848730058587678,0.29002503241574673,0.9200000000000008
332,2.042099556160224,0.9179064660238409,0.9200000000000008
333,3.033235956328884,0.9196708400247032,0.9200000000000008
334,1.562167330659206,0.9179624686696412,0.9200000000000008
335,3.2772532870077415,0.9192072508416193,0.9200000000000008
336,2.181789307876151,0.9192300412636268,0.9200000000000008
337,2.9586387711073585,0.2146312256730176,0.9200000000000008
338,1.9867622489162016,0.9182500094685944,0.9200000000000008
339,1.9231396394882867,0.9186948728103066,0.9200000000000008
340,2.122880398337398,0.9188572045362332,0.9200000000000008
341,2.1266310309368466,0.918796302547184,0.9200000000000008
342,3.088838219212116,0.91774436619231,0.9200000000000008
343,2.423261782223855,0.9212414466387376,0.9200000000000008
344,3.1347113870732515,0.9189822731882548,0.9200000000000008
345,1.4173990455361238,0.9192925546131584,0.9200000000000008
346,2.706940796446112,0.9201185237411548,0.9200000000000008
347,2.023392027291857,0.918887048777722,0.9200000000000008
348,2.155971211986612,0.9192007786639982,0.9200000000000008
349,2.3825700148940427,0.9206607890164704,0.9200000000000008
350,1.9917325134047692,0.919829909279223,0.9200000000000008
351,3.365512598910033,0.920316782658568,0.9200000000000008
352,2.7784549897554447,0.4523687472619234,0.9200000000000008
353,1.92674487621394,0.9183246830550988,0.9200000000000008
354,1.309857132827537,0.9205265430280122,0.9200000000000008
355,2.696407466576649,0.9168001058064744,0.9200000000000008
356,1.8758898835961275,0.9198247049304988,0.9200000000000008
357,1.9136934789284743,0.9179879488779132,0.9200000000000008
358,2.0024269444174783,0.917908069407796,0.9200000000000008
359,1.8895743948233097,0.9181084076182828,0.9200000000000008
360,1.8138788354110045,0.9194690648452432,0.9200000000000008
361,2.727015500946872,0.9206535253428608,0.9200000000000008
362,3.1121922054008104,0.9215009045048552,0.9200000000000008
363,2.4831331726638695,0.9183467284212296,0.9200000000000008
364,2.717849108447472,0.9190528779695172,0.9200000000000008
365,1.382791451155566,0.9181871324624152,0.9200000000000008
366,2.760105305943937,0.9186186561985707,0.9200000000000008
367,2.77351174966225,0.9193769357377292,0.9200000000000008
368,3.6945956145817767,0.9218001538860116,0.9200000000000008
369,1.452952734899681,0.9189046569593642,0.9200000000000008
370,1.8928743214601484,0.9199901501981924,0.9200000000000008
371,1.8263830279551283,0.9190887943842816,0.9200000000000008
372,2.035949505858796,0.9193119521051364,0.9200000000000008
373,2.2872225651889035,0.2274185464619759,0.9200000000000008
374,2.288482886892968,0.9188401210391346,0.9200000000000008
375,2.06437513775864,0.9196334344771068,0.9200000000000008
376,3.131144319817259,0.9162857802958284,0.9200000000000008
377,2.5550889761635056,0.9186171512185468,0.9200000000000008
378,2.9983022596140123,0.9195740901419196,0.9200000000000008
379,2.2953902564625324,0.9179408131568538,0.9200000000000008
380,2.2230236213670107,0.9215669111183082,0.9200000000000008
381,1.5378904035966523,0.9190457356521252,0.9200000000000008
382,2.287513071212896,0.9186647619558396,0.9200000000000008
383,1.8648416643484842,0.9184679692704936,0.9200000000000008
384,1.8102922684446323,0.9187216795300368,0.9200000000000008
385,1.4065778890783918,0.9193549292864308,0.9200000000000008
386,2.6835134706855106,0.15511426443994694,0.9200000000000008
387,2.3725318640309307,0.9190621310237068,0.9200000000000008
388,1.6676708167723038,0.9200770352347472,0.9200000000000008
389,2.082431343414355,0.920144248103894,0.9200000000000008
390,1.6707691252931414,0.9182319995216066,0.9200000000000008
391,2.588363194562634,0.9204513638206772,0.9200000000000008
392,3.3356259120186165,0.919525629944244,0.9200000000000008
393,2.4077210985543798,0.9198623259093432,0.9200000000000008
394,2.3993234645671357,0.9191499906410288,0.9200000000000008
395,2.4786082356415418,0.9189499144069296,0.9200000000000008
396,1.852296539387402,0.9199539502641552,0.9200000000000008
397,2.197989474946473,0.9194334175462218,0.9200000000000008
398,2.8790917278424675,0.9184910013108928,0.9200000000000008
399,2.47280479189781,0.9193274560257352,0.9200000000000008
400,2.1322443446985075,0.9183104892934912,0.9200000000000008
401,2.4880549748661047,0.27795669286912955,0.9200000000000008
402,3.2144642213923205,0.9158533865543608,0.9200000000000008
403,1.7998270108011096,0.920979221764072,0.9200000000000008
404,2.00605492965298,0.9192911110452274,0.9200000000000008
405,1.9881753376692959,0.9190028811845616,0.9200000000000008
406,1.7256828648880391,0.9191950273885386,0.9200000000000008
407,2.1322209143572333,0.9190861322773441,0.9200000000000008
408,1.6097014862174004,0.9207004996365205,0.9200000000000008
409,3.3382581348950904,0.9189605486763806,0.9200000000000008
410,1.3243600281202998,0.9183185486376152,0.9200000000000008
411,2.004158114740876,0.9187302220258946,0.9200000000000008
412,3.490352514764841,0.9186351641965804,0.9200000000000008
413,2.407406375994701,0.9186608290294391,0.9200000000000008
414,3.4336020022671696,0.9235195153762664,0.9200000000000008
415,2.9074521317965765,0.9186808723069944,0.9200000000000008
416,1.3831672706406395,0.9189670782100108,0.9200000000000008
417,3.746256992623569,0.9185619704339101,0.9200000000000008
418,2.340196554927922,0.9180434639721606,0.9200000000000008
419,3.1576189320957218,0.9196506376228124,0.9200000000000008
420,1.7780520864924112,0.9192978018810258,0.9200000000000008
421,3.3926642235328663,0.9188136037123368,0.9200000000000008
422,2.091780927453451,0.9186204298494596,0.9200000000000008
423,1.8827345109423037,0.9208228378054102,0.9200000000000008
424,1.9428655262107288,0.9183690598376943,0.9200000000000008
425,1.9102399288572007,0.9181427847157948,0.9200000000000008
426,1.6135855226839289,0.9181583032301098,0.9200000000000008
427,2.6869991261577693,0.918884648404492,0.9200000000000008
428,1.6064838841586313,0.9189706636196496,0.9200000000000008
429,1.7205997877585424,0.9187730362833576,0.9200000000000008
430,2.58303285816541,0.9186712680621928,0.9200000000000008
431,1.638228721809085,0.9181370551343392,0.9200000000000008
432,1.4303372589920598,0.9196013221155585,0.9200000000000008
433,2.0056701881013046,0.9189882737853244,0.9200000000000008
434,1.759076357954157,0.9188709052092988,0.9200000000000008
435,2.511512362422359,0.9180126137531229,0.9200000000000008
436,2.4327892843560077,0.9192170659103336,0.9200000000000008
437,1.5743714377540032,0.9171425405475132,0.9200000000000008
438,2.6393895967142886,0.9196870232703688,0.9200000000000008
439,3.246026210628456,0.9192315906207896,0.9200000000000008
440,2.570268811544855,0.921666233886738,0.9200000000000008
441,3.7289674697301742,0.9209775584464776,0.9200000000000008
442,2.148246107041045,0.918533497217603,0.9200000000000008
443,3.1808441629813013,0.9233055577144058,0.9200000000000008
444,1.2020970764647017,0.9183139700600365,0.9200000000000008
445,2.8676109702277763,0.91894350958005,0.9200000000000008
446,3.0304254821886936,0.09630536198984267,0.9200000000000008
447,2.939715574033444,0.916553379369298,0.9200000000000008
448,1.3909942334630825,0.9191242402263292,0.9200000000000008
449,1.442952123908006,0.9175918332257864,0.9200000000000008
450,1.1781857955221795,0.9178907158955264,0.9200000000000008
451,1.8890296849937007,0.9182494656969378,0.9200000000000008
452,1.6221617333163585,0.9179458383497271,0.9200000000000008
453,1.438567725179554,0.9176957573844172,0.9200000000000008
454,1.2602226683255036,0.9239755173027356,0.9200000000000008
455,2.1139078578419017,0.312861392212471,0.9200000000000008
456,2.3002748874848833,0.918634357446562,0.9200000000000008
457,1.8925609176619715,0.9200641967854514,0.9200000000000008
458,2.8283875622424786,0.9201991763788636,0.9200000000000008
459,1.6874796334131328,0.919241319095016,0.9200000000000008
460,2.485101236336585,0.9188432811935896,0.9200000000000008
461,2.9772491495224847,0.9199913969660329,0.9200000000000008
462,1.6027695084304767,0.9194386082724834,0.9200000000000008
463,2.468089640445657,0.9191799372577344,0.9200000000000008
464,2.5143798147774694,0.22849548833354544,0.9200000000000008
465,3.16017575672402,0.10198105675971486,0.9200000000000008
466,1.743148427675991,0.9194845984949368,0.9200000000000008
467,2.8765931159876232,0.9191585612386012,0.9200000000000008
468,2.6979314948969293,0.9173719095163806,0.9200000000000008
469,2.447021526434823,0.9181103609277494,0.9200000000000008
470,2.8584827402079025,0.9188342985929829,0.9200000000000008
471,2.001276077168881,0.9189113712558674,0.9200000000000008
472,1.4470856688015628,0.918901570110404,0.9200000000000008
473,2.3505298625045468,0.9211708894945252,0.9200000000000008
474,1.7246287445442743,0.9192202201991508,0.9200000000000008
475,3.4118604008636533,0.9238590967441922,0.9200000000000008
476,3.0779166559589664,0.9198263623341504,0.9200000000000008
477,1.5816230949179524,0.9190820762400502,0.9200000000000008
478,1.6012848161339055,0.9185474211433547,0.9200000000000008
479,3.5559271067450275,0.9199705881850792,0.9200000000000008
480,2.395822245321034,0.918529740643228,0.9200000000000008
481,3.898485789731859,0.9220478152696844,0.9200000000000008
482,1.2016701454824394,0.9183676193557736,0.9200000000000008
483,1.3161536622587522,0.9235483649749012,0.9200000000000008
484,1.6273829914579112,0.919512369090708,0.9200000000000008
485,2.383916153324396,0.9182780007097352,0.9200000000000008
486,2.8428063653772004,0.9201443225118948,0.9200000000000008
487,1.902740207175039,0.9194474270652448,0.9200000000000008
488,2.430653298715695,0.9189777179438692,0.9200000000000008
489,3.3346072226527603,0.5582406284344353,0.9200000000000008
490,2.2168186141620363,0.9189366353867692,0.9200000000000008
491,3.367347198638164,0.9177727432580296,0.9200000000000008
492,1.2895524061132442,0.9187992459938056,0.9200000000000008
493,1.8461953839763332,0.918272774058013,0.9200000000000008
494,2.862055231743408,0.9205539213239324,0.9200000000000008
495,2.1159309420663917,0.9211127824136808,0.9200000000000008
496,2.5800203859877366,0.9187844942424088,0.9200000000000008
497,2.2080610886706418,0.918359672615362,0.9200000000000008
498,2.4083465676282536,0.9181799926461408,0.9200000000000008
499,1.7920771735462195,0.9184274324046848,0.9200000000000008
500,2.5997013368095927,0.9190481201038668,0.9200000000000008
501,2.4186716628268727,0.91864135886472,0.9200000000000008
502,3.219969333676935,0.9166588362811928,0.9200000000000008
503,3.1687937295264312,0.9202648414383912,0.9200000000000008
504,2.2656642894887384,0.9187218198266821,0.9200000000000008
505,2.229462227160464,0.9193090947007284,0.9200000000000008
506,3.477935187798093,0.4980734524934234,0.9200000000000008
507,3.793583426387367,0.9203814554749398,0.9200000000000008
508,2.392482564487525,0.9191161140513721,0.9200000000000008
509,1.8644038506900509,0.9182900313306179,0.9200000000000008
510,2.5266806130863064,0.9199791808328986,0.9200000000000008
511,1.9995426337094555,0.9189953055126798,0.9200000000000008
512,1.6367164414573918,0.9192694982939066,0.9200000000000008
513,2.6646742684144895,0.9199083788970576,0.9200000000000008
514,2.9031919825002066,0.9193572421361274,0.9200000000000008
515,1.3607495652461912,0.9189900838512894,0.9200000000000008
516,2.573607105917979,0.9181524238138694,0.9200000000000008
517,2.3783557280267824,0.9199812474741972,0.9200000000000008
518,3.5828883485966188,0.9178668580254497,0.9200000000000008
519,2.1059811043987318,0.9195108641295416,0.9200000000000008
520,2.2329443393671013,0.918359962367292,0.9200000000000008
521,1.38177764501058,0.9184764183089976,0.9200000000000008
522,2.105342920644565,0.9190168559354164,0.9200000000000008
523,3.3336343659557937,0.9181286173245288,0.9200000000000008
524,2.406799042076196,0.919799726591368,0.9200000000000008
525,1.6070538639423957,0.9184364687827002,0.9200000000000008
526,3.3664990213806885,0.9187533399403728,0.9200000000000008
527,2.4760321629648114,0.9177855886282104,0.9200000000000008
528,1.5983475065039907,0.9193817455970571,0.9200000000000008
529,2.294478310986217,0.9210524797098598,0.9200000000000008
530,1.6407824465372145,0.9182270044304144,0.9200000000000008
531,1.8644695235096675,0.918027958378145,0.9200000000000008
532,2.074305954866233,0.9194236888988768,0.9200000000000008
533,1.5873308985374777,0.9188809029429486,0.9200000000000008
534,3.6976245635810647,0.9184968133976452,0.9200000000000008
535,2.174582532534977,0.9176914858272719,0.9200000000000008
536,2.6802136599613857,0.9233286860229566,0.9200000000000008
537,1.9143447022520623,0.919626233913772,0.9200000000000008
538,1.320435064857478,0.9184772120650201,0.9200000000000008
539,2.671138522401911,0.9184660936548305,0.9200000000000008
540,2.0402252855435967,0.9182004673835632,0.9200000000000008
541,1.5168486355609352,0.9209871074321392,0.9200000000000008
542,2.749012705872807,0.9178804579727328,0.9200000000000008
543,2.615916051529429,0.9188461497547348,0.9200000000000008
544,1.5388180296623082,0.9185818523187552,0.9200000000000008
545,3.3400736195026792,0.9184078363897804,0.9200000000000008
546,3.0797764642142385,0.9206631144764196,0.9200000000000008
547,3.6767212682612778,0.00698247843354155,0.9200000000000008
548,1.5546171308437144,0.9200704994187224,0.9200000000000008
549,3.2878663482304025,0.9215331736838326,0.9200000000000008
550,2.3003335018392543,0.9192959398325916,0.9200000000000008
551,2.9583202419455867,0.9191090462802872,0.9200000000000008
552,2.8928113464274885,0.9200145332874308,0.9200000000000008
553,2.0908129969246314,0.9183394240680444,0.9200000000000008
554,2.6625148699515058,0.9190151848690904,0.9200000000000008
555,3.3521615297180265,0.9192681569261962,0.9200000000000008
556,1.9238834850501103,0.9177944164555532,0.9200000000000008
557,1.6479011187391026,0.9174189177501142,0.9200000000000008
558,2.9278784790298666,0.9215486266848918,0.9200000000000008
559,2.5808403049738105,0.17216560167715486,0.9200000000000008
560,2.146385006399952,0.9184331629824836,0.9200000000000008
561,3.011819293728617,0.9188758932184772,0.9200000000000008
562,2.8013887631843106,0.9207343045393498,0.9200000000000008
563,3.2961192378980773,0.1021130562001326,0.9200000000000008
564,2.8658099833528485,0.9166110720806212,0.9200000000000008
565,2.303472098282392,0.22439504863707432,0.9200000000000008
566,3.553769404976032,0.9199757336030688,0.9200000000000008
567,2.0341820457590085,0.9199205294062502,0.9200000000000008
568,1.7735783677026296,0.9188664669915748,0.9200000000000008
569,1.9793562834385727,0.918672333038788,0.9200000000000008
570,1.5547264001134506,0.9193007860331104,0.9200000000000008
571,2.4520575828030173,0.9179753224359152,0.9200000000000008
572,2.1532577125260537,0.9178639545368604,0.9200000000000008
573,3.1740574504247747,0.2915433794116865,0.9200000000000008
574,3.5385896951144336,0.17643215511916127,0.9200000000000008
575,2.715614988625757,0.9190242930917659,0.9200000000000008
576,1.28980786067215,0.9187217950121906,0.9200000000000008
577,3.1583375758406347,0.9230088108147456,0.9200000000000008
578,2.0017620350296754,0.9215142671818648,0.9200000000000008
579,2.6477869981611515,0.9212270980505046,0.9200000000000008
580,2.5740937390170178,0.9192618609598088,0.9200000000000008
581,2.911607113725581,0.91998649085768,0.9200000000000008
582,3.12434834816242,0.9200769007868356,0.9200000000000008
583,3.5563698440722615,0.9165608512796192,0.9200000000000008
584,2.863611993952123,0.9183900320231364,0.9200000000000008
585,3.652772183007472,0.9161950357511396,0.9200000000000008
586,1.9869797375499725,0.9186844883977662,0.9200000000000008
587,1.49814431595485,0.9194282270256962,0.9200000000000008
588,1.5963909352559282,0.9188716705424708,0.9200000000000008
589,2.64510457038709,0.9197152804690752,0.9200000000000008
590,2.4541879868186145,0.9187924150591084,0.9200000000000008
591,2.511200284783224,0.918460587493282,0.9200000000000008
592,1.4312281475393789,0.9184923116582641,0.9200000000000008
593,2.9496948154104867,0.9184275952680468,0.9200000000000008
594,2.483525838832564,0.9191182974900692,0.9200000000000008
595,1.4017494616198474,0.9185944639897572,0.9200000000000008
596,2.4685890399430503,0.9178687099745824,0.9200000000000008
597,1.366898043699185,0.918332153858014,0.9200000000000008
598,1.2638799446032158,0.9182868756069829,0.9200000000000008
599,1.504547561546692,0.9182935145705922,0.9200000000000008
600,3.1070578402788653,0.917625251388001,0.9200000000000008
601,2.800601494467156,0.9196173677273028,0.9200000000000008
602,2.006634378286749,0.9189003640240686,0.9200000000000008
603,3.2792699292860115,0.9191225853947824,0.9200000000000008
604,1.9583956212623472,0.9197822588367072,0.9200000000000008
605,1.5540623420150388,0.9192417582577671,0.9200000000000008
606,1.9272109594886475,0.9185113749611702,0.9200000000000008
607,2.8762827996872,0.9190552695574878,0.9200000000000008
608,1.739980885593124,0.9190978031389632,0.9200000000000008
609,2.9084980011110613,0.919627878511546,0.9200000000000008
610,2.4940708673897336,0.9183664609309856,0.9200000000000008
611,2.2186973638987646,0.9180496273798924,0.9200000000000008
612,2.735221392994778,0.9211984790296974,0.9200000000000008
613,3.3179129448689664,0.9193854397870932,0.9200000000000008
614,2.8785039696046844,0.919059371686982,0.9200000000000008
615,3.5005277661225342,0.9209588682912629,0.9200000000000008
616,3.018442398862317,0.9188477499269724,0.9200000000000008
617,2.1388447255813987,0.9182787733776858,0.9200000000000008
618,3.0335710578669577,0.9180391894852544,0.9200000000000008
619,1.798290848845594,0.9191551535856736,0.9200000000000008
620,1.8901732192237333,0.9183554894078492,0.9200000000000008
621,1.8280138502459289,0.9193038325561472,0.9200000000000008
622,2.2713497421427933,0.9193457615956886,0.9200000000000008
623,2.576990296255317,0.9190019459019694,0.9200000000000008
624,2.734322866476599,0.9178750776300592,0.9200000000000008
625,1.8299034434517318,0.9192963388376436,0.9200000000000008
626,3.3157704283198086,0.9183482834246308,0.9200000000000008
627,2.3919585558980785,0.9209677079035534,0.9200000000000008
628,2.7946813923171203,0.9190083554215178,0.9200000000000008
629,3.059772479845552,0.4059738079903685,0.9200000000000008
630,2.4761277170586866,0.9204410721839124,0.9200000000000008
631,1.6143520117048349,0.9197863851546502,0.9200000000000008
632,1.6978259669407567,0.9180065059026968,0.9200000000000008
633,3.3850476496023925,0.919664281722717,0.9200000000000008
634,2.0417061162129233,0.9186194146812704,0.9200000000000008
635,2.1732990812548416,0.9190428298098856,0.9200000000000008
636,3.0149674153172636,0.9215887626446748,0.9200000000000008
637,1.6623723505831896,0.9188129860348436,0.9200000000000008
638,1.4280242365657236,0.9204647399279609,0.9200000000000008
639,1.6914475352594105,0.9175497699399494,0.9200000000000008
640,1.7840161417256877,0.9188259307679044,0.9200000000000008
641,2.4458748493519207,0.9193529332334962,0.9200000000000008
642,2.322432306325359,0.919522902794378,0.9200000000000008
643,2.1192132275576605,0.919306038015464,0.9200000000000008
644,2.323661449399939,0.9186939563325937,0.9200000000000008
645,3.0998795448849426,0.2495890117748267,0.9200000000000008
646,2.82409391013462,0.26545595191646754,0.9200000000000008
647,1.6568426912666698,0.9189830159781204,0.9200000000000008
648,2.7955205205880866,0.9165888535093956,0.9200000000000008
649,3.207845391997655,0.9163917872239083,0.9200000000000008
650,1.9543036633361968,0.9211586136982236,0.9200000000000008
651,1.9837134748251155,0.9199687487049,0.9200000000000008
652,2.058612286881142,0.9208477608732604,0.9200000000000008
653,2.726681902101816,0.919482589941322,0.9200000000000008
654,1.5953541926989192,0.9192469326533016,0.9200000000000008
655,2.6801261864019437,0.9170793539834524,0.9200000000000008
656,2.02285956686522,0.9182001140783328,0.9200000000000008
657,1.6058082005937817,0.9206063542858643,0.9200000000000008
658,1.2134226925893692,0.9192390066699014,0.9200000000000008
659,2.319845503454119,0.2589917911151441,0.9200000000000008
660,2.7808489669265275,0.9187621786636684,0.9200000000000008
661,2.0208451880817115,0.9208400481693226,0.9200000000000008
662,2.557313871340793,0.9187118018265747,0.9200000000000008
663,1.2245513087260278,0.9199422991604236,0.9200000000000008
664,2.3409001364987234,0.9194004938624158,0.9200000000000008
665,2.0827038047645687,0.9187732448182628,0.9200000000000008
666,1.166037227212553,0.9193238385411668,0.9200000000000008
667,1.621796600074345,0.9211901223923008,0.9200000000000008
668,1.9514113219989868,0.9188724553710192,0.9200000000000008
669,2.382913891613952,0.919515916238618,0.9200000000000008
670,1.4950875000763866,0.9188189727359352,0.9200000000000008
671,1.7395743978721772,0.9182042210136828,0.9200000000000008
672,1.4726357314687897,0.9182986957567654,0.9200000000000008
673,1.525303269669846,0.9182434574403194,0.9200000000000008
674,1.8346497780952205,0.9192466570621334,0.9200000000000008
675,1.8081711636625923,0.919560143080704,0.9200000000000008
676,2.133794700591045,0.9180033486815666,0.9200000000000008
677,1.1839554896688371,0.918271473076716,0.9200000000000008
678,1.2088030363855329,0.9193026679677796,0.9200000000000008
679,2.2076470340624774,0.9182816585120512,0.9200000000000008
680,2.7402069331387287,0.9185053983738264,0.9200000000000008
681,2.6614402471832816,0.9221335571486039,0.9200000000000008
682,1.567652689983511,0.9192706616806468,0.9200000000000008
683,2.663664878069707,0.9190897105236792,0.9200000000000008
684,1.8096258103058689,0.91876741690032,0.9200000000000008
685,2.2357905645449767,0.9194809432273872,0.9200000000000008
686,2.4748391146715405,0.9181642527247325,0.9200000000000008
687,1.3809546111053173,0.9203826517204292,0.9200000000000008
688,2.1860751854263625,0.9191849444798871,0.9200000000000008
689,3.4437831274051987,0.9190272143172248,0.9200000000000008
690,1.1838224083115931,0.9207255923783054,0.9200000000000008
691,2.305380162420973,0.920724075495892,0.9200000000000008
692,3.254150710729652,0.918568941063405,0.9200000000000008
693,1.8763991465248364,0.920185817039542,0.9200000000000008
694,3.482044717714736,0.11341951551472025,0.9200000000000008
695,1.07959001187842,0.9183424919058748,0.9200000000000008
696,2.6672965964677804,0.9191876144358236,0.9200000000000008
697,1.6647972529973674,0.920830656781476,0.9200000000000008
698,2.344239160149214,0.9212921748334648,0.9200000000000008
699,2.5745705680030238,0.9229848710061904,0.9200000000000008
700,2.9957990866815973,0.9194610008412281,0.9200000000000008
701,2.2429632863803866,0.917885673774683,0.9200000000000008
702,2.376622872451448,0.9183784749707152,0.9200000000000008
703,3.5516672726704988,0.5437624796815436,0.9200000000000008
704,2.0738025380655127,0.9189931186419548,0.9200000000000008
705,1.65834444502577,0.9211564141909868,0.9200000000000008
706,1.636437592530445,0.9207499856851986,0.9200000000000008
707,1.9769747136478533,0.9188269465484602,0.9200000000000008
708,3.3121372210523967,0.9210500317582384,0.9200000000000008
709,2.427510378068624,0.1994995525339347,0.9200000000000008
710,3.4679940395487567,0.13698239781153376,0.9200000000000008
711,2.0442387467394867,0.9200024252613912,0.9200000000000008
712,3.0829304185341235,0.08883675721580292,0.9200000000000008
713,1.4287349566559768,0.9193140900305216,0.9200000000000008
714,1.8329412179170763,0.9187624719136,0.9200000000000008
715,1.9387648913215088,0.9193128774207028,0.9200000000000008
716,1.781181445044443,0.9198932804507154,0.9200000000000008
717,2.0198434636749214,0.9188931362900042,0.9200000000000008
718,3.141659600131802,0.919457460578663,0.9200000000000008
719,3.009040875376402,0.919361598388708,0.9200000000000008
720,1.893581375075628,0.9194966407964732,0.9200000000000008
721,3.1632276349706805,0.9191441323634582,0.9200000000000008
722,2.6872916809099108,0.9192527904717898,0.9200000000000008
723,2.317807085040161,0.9186367339003108,0.9200000000000008
724,1.574947683613125,0.9186942238085956,0.9200000000000008
725,1.4604453676352858,0.9194612341881168,0.9200000000000008
726,2.652274060813018,0.9192416132344582,0.9200000000000008
727,3.2459491817887134,0.9173135816975349,0.9200000000000008
728,3.3795690989441884,0.919215122361716,0.9200000000000008
729,2.9939253658955485,0.91821961763804,0.9200000000000008
730,2.0879368522094857,0.9191046429273044,0.9200000000000008
731,2.3185943425932964,0.9192768880815378,0.9200000000000008
732,2.29172848600184,0.91807503604434,0.9200000000000008
733,3.0945193319776267,0.918302550177048,0.9200000000000008
734,1.7220513320931623,0.9182133912643212,0.9200000000000008
735,1.6075236104366657,0.9192741249199272,0.9200000000000008
736,2.528459369523662,0.918754066592674,0.9200000000000008
737,3.0190852798483205,0.9196642472280664,0.9200000000000008
738,2.1892552299003407,0.9185520561256668,0.9200000000000008
739,3.465525639470883,0.9179140172019009,0.9200000000000008
740,1.4074062283205484,0.9193623812178832,0.9200000000000008
741,1.5255243625483454,0.9190493478812832,0.9200000000000008
742,2.3400340863640308,0.9213016722949074,0.9200000000000008
743,3.0148190908134893,0.2566050539752353,0.9200000000000008
744,3.0022613821479536,0.9183870807352972,0.9200000000000008
745,2.9972614358563674,0.918816136004359,0.9200000000000008
746,1.4159778003695551,0.9182912596031096,0.9200000000000008
747,1.5049482778990426,0.9183099331886926,0.9200000000000008
748,1.8002176699048806,0.9182624482741384,0.9200000000000008
749,2.5382593587961746,0.9187342325585702,0.9200000000000008
750,2.169798775765755,0.9184406691701914,0.9200000000000008
751,2.9969342924607534,0.9167853760439711,0.9200000000000008
752,3.4383375601207615,0.9170662611251306,0.9200000000000008
753,2.8166029058757234,0.9159122728497556,0.9200000000000008
754,2.296656825398665,0.2256268539828717,0.9200000000000008
755,1.4357268176060225,0.9181085723527801,0.9200000000000008
756,2.7308739304002745,0.9190398621774594,0.9200000000000008
757,1.5193398011563406,0.919655816386666,0.9200000000000008
758,1.3300081472216352,0.9192584016957778,0.9200000000000008
759,1.4128931048425302,0.9193854736303227,0.9200000000000008
760,1.6462831679659151,0.9203251732629596,0.9200000000000008
761,1.8588415325918963,0.9206777732526612,0.9200000000000008
762,2.975562706397864,0.26715154342685704,0.9200000000000008
763,1.5424557088565864,0.9209464339889724,0.9200000000000008
764,2.6201321044903367,0.9169291614656055,0.9200000000000008
765,2.0473237848302825,0.9195843523264788,0.9200000000000008
766,2.663094815276112,0.17353467189233518,0.9200000000000008
767,3.49840796753718,0.9181653196107792,0.9200000000000008
768,2.3633706676767603,0.918856922486986,0.9200000000000008
769,2.3883596629625226,0.9188031985035964,0.9200000000000008
770,2.4025300120647364,0.918393975713442,0.9200000000000008
771,2.0291142166386704,0.9201268681374818,0.9200000000000008
772,1.8206436088183209,0.9191173844884366,0.9200000000000008
773,2.412594988015307,0.21517589904770415,0.9200000000000008
774,2.605776319272638,0.30511146501128605,0.9200000000000008
775,1.2350420133007824,0.9217446731484672,0.9200000000000008
776,2.4235792968240477,0.919093510256329,0.9200000000000008
777,2.006207300529767,0.9202421634588068,0.9200000000000008
778,3.6993902188317715,0.9191252797883788,0.9200000000000008
779,2.5453511294717583,0.9200837184535832,0.9200000000000008
780,1.8824449392659632,0.9187698738467124,0.9200000000000008
781,1.2788084852835029,0.9184820485003188,0.9200000000000008
782,1.7792184601078052,0.9179380865171332,0.9200000000000008
783,2.6701216745755394,0.9182730725597594,0.9200000000000008
784,3.3880019507584245,0.9192569819327028,0.9200000000000008
785,3.0246373784265628,0.9178023365119456,0.9200000000000008
786,1.9152520946409173,0.9183357330413976,0.9200000000000008
787,3.0141542423369048,0.10146423992210046,0.9200000000000008
788,2.599445257168292,0.9214320854118768,0.9200000000000008
789,1.9999136163610356,0.9180125796783304,0.9200000000000008
790,1.3861267809232543,0.9225949607692004,0.9200000000000008
791,1.3457654454009076,0.9187949844013492,0.9200000000000008
792,2.3154494660517453,0.9188544461089632,0.9200000000000008
793,1.8936479921704104,0.9188694827814252,0.9200000000000008
794,1.4520342794404106,0.9195200778583354,0.9200000000000008
795,2.137665069351884,0.9184452595061714,0.9200000000000008
796,1.2915076227870073,0.919298453883102,0.9200000000000008
797,2.7915148717940528,0.9196303378486108,0.9200000000000008
798,2.8685320241752703,0.9189578137679192,0.9200000000000008
799,2.5062255560110938,0.9210312969958878,0.9200000000000008
800,1.729613650051928,0.9209279333038214,0.9200000000000008
801,1.66492058950745,0.9197717261401,0.9200000000000008
802,1.5260196396616417,0.91825238714265,0.9200000000000008
803,2.6148355356616535,0.916891877136856,0.9200000000000008
804,1.5909475376389333,0.9200338235831858,0.9200000000000008
805,2.6515501592259105,0.9208516125736548,0.9200000000000008
806,2.2860367315360786,0.9199020187070022,0.9200000000000008
807,2.201206712137382,0.918326503248889,0.9200000000000008
808,2.9356865162422436,0.9189344415722428,0.9200000000000008
809,3.3863646950209376,0.9184989608119554,0.9200000000000008
810,3.4687610239953544,0.9207325454619828,0.9200000000000008
811,1.9729107613527288,0.918548778832868,0.9200000000000008
812,1.4232842799362146,0.9212127805732764,0.9200000000000008
813,3.8679328545356384,0.34288355088385275,0.9200000000000008
814,2.3835639671956703,0.9202146034280984,0.9200000000000008
815,2.1135253628774016,0.9196421568631024,0.9200000000000008
816,2.3152597483722523,0.9220376676527836,0.9200000000000008
817,1.7990074818382555,0.9181584735915748,0.9200000000000008
818,1.3549175358080192,0.9206501154713932,0.9200000000000008
819,2.0453521825849483,0.9194401242513914,0.9200000000000008
820,2.9496039028570804,0.9189263606098191,0.9200000000000008
821,1.4633006450750263,0.919964108416791,0.9200000000000008
822,2.3594066356480945,0.9211845806213356,0.9200000000000008
823,3.382464679440081,0.9195798469048241,0.9200000000000008
824,2.7239945648237205,0.916521366734128,0.9200000000000008
825,1.2439175041358603,0.9173507151300438,0.9200000000000008
826,1.7320992090054594,0.9183424651739251,0.9200000000000008
827,2.8243538532887675,0.9167565128301116,0.9200000000000008
828,2.0255257920401317,0.9203580566009648,0.9200000000000008
829,2.917758728392452,0.9187673012412416,0.9200000000000008
830,1.6514882366574906,0.9190709633481422,0.9200000000000008
831,2.2745242434204562,0.9179996654642876,0.9200000000000008
832,1.6532246040589402,0.9181235223994596,0.9200000000000008
833,2.1998031703585457,0.2640337324196108,0.9200000000000008
834,1.7632270520832007,0.9187894140615942,0.9200000000000008
835,2.89608675829737,0.9192097448822436,0.9200000000000008
836,2.6289987130111743,0.9184492777392304,0.9200000000000008
837,3.618564056950204,0.17058267001605965,0.9200000000000008
838,1.3065935930126722,0.919356914310076,0.9200000000000008
839,1.3302226512868869,0.9183788161324872,0.9200000000000008
840,1.814294307698624,0.919354477101286,0.9200000000000008
841,1.5473620643835737,0.9210877310626188,0.9200000000000008
842,1.5274160417312732,0.9218460489392309,0.9200000000000008
843,2.753540149378554,0.9189266632339494,0.9200000000000008
844,2.4707395615641707,0.919212669303656,0.9200000000000008
845,3.0539015697364573,0.9183594398242908,0.9200000000000008
846,3.42803732093518,0.9178375682330528,0.9200000000000008
847,2.2705446756543206,0.9182520988620628,0.9200000000000008
848,1.955906800614269,0.9197129479737648,0.9200000000000008
849,2.0480984071785207,0.918230816752286,0.9200000000000008
850,3.922357357012928,0.9230298841500574,0.9200000000000008
851,2.4381920576167206,0.9203528655723608,0.9200000000000008
852,2.473458297220639,0.9180176460051565,0.9200000000000008
853,3.396387243988871,0.9212299259745852,0.9200000000000008
854,3.0991427582330697,0.919262466481286,0.9200000000000008
855,2.6488838502885845,0.9202634085218756,0.9200000000000008
856,2.283075503232576,0.9214778696777726,0.9200000000000008
857,3.150165109895806,0.9176260407113052,0.9200000000000008
858,1.9477064875496017,0.9194338719029844,0.9200000000000008
859,2.6887479024797774,0.9202064692651096,0.9200000000000008
860,2.0107702405509253,0.9213684017069046,0.9200000000000008
861,1.480135815390166,0.9196174954040348,0.9200000000000008
862,3.8717034856472052,0.011213583709153985,0.9200000000000008
863,1.5908051809661043,0.9183218894477791,0.9200000000000008
864,2.0982116979275305,0.920092169763985,0.9200000000000008
865,2.164688221327939,0.9195258947610064,0.9200000000000008
866,3.7122328143689485,0.9207000686213068,0.9200000000000008
867,2.850441676093612,0.9183489695388148,0.9200000000000008
868,3.173961061813681,0.9204226821655488,0.9200000000000008
869,2.805773128528066,0.9178902326449264,0.9200000000000008
870,1.949684067518732,0.919250250442062,0.9200000000000008
871,2.5621019001912053,0.18712325656529985,0.9200000000000008
872,2.8570997805717915,0.9174145280717236,0.9200000000000008
873,2.379279658289017,0.9187153013515534,0.9200000000000008
874,1.961935990623672,0.9179573305758486,0.9200000000000008
875,3.4701999145679068,0.9192688184753148,0.9200000000000008
876,2.2924097519770994,0.9187476054091566,0.9200000000000008
877,3.0429621856720086,0.9177535169821732,0.9200000000000008
878,2.2621918269682078,0.9200878936656895,0.9200000000000008
879,2.847676429272453,0.9201387898523,0.9200000000000008
880,2.8385545252364643,0.9187838899571844,0.9200000000000008
881,1.3117679392144712,0.9192635022358556,0.9200000000000008
882,1.4316215761364122,0.9196616413881716,0.9200000000000008
883,2.6768710310694206,0.9223386050302584,0.9200000000000008
884,1.6050069410636394,0.9203217296377386,0.9200000000000008
885,3.2897822860976564,0.9181649451240188,0.9200000000000008
886,3.2435132445343764,0.9178396975757904,0.9200000000000008
887,2.484436220858475,0.9215602363766688,0.9200000000000008
888,2.5192879559108388,0.9181908703850812,0.9200000000000008
889,1.5452144198834863,0.9205822114457426,0.9200000000000008
890,1.340069563817134,0.9204379998057304,0.9200000000000008
891,1.6986772597916269,0.9194551301081809,0.9200000000000008
892,2.0693462758001244,0.9200848120314956,0.9200000000000008
893,1.1172848821284769,0.9193366610466532,0.9200000000000008
894,2.04916083095026,0.9184832552809424,0.9200000000000008
895,2.3746338916921776,0.9200576036043312,0.9200000000000008
896,1.7832125596181294,0.9209043619159328,0.9200000000000008
897,1.91235605932255,0.9188458075299344,0.9200000000000008
898,1.8280285942661796,0.9189775109560024,0.9200000000000008
899,1.401456826037156,0.919264691066816,0.9200000000000008
900,1.8164893365466117,0.9201276869551814,0.9200000000000008
901,3.0111647757004536,0.9191600364393676,0.9200000000000008
902,3.3361618033201035,0.9190663459776824,0.9200000000000008
903,3.014313366129409,0.918913498976734,0.9200000000000008
904,2.3642869648038216,0.919281587760769,0.9200000000000008
905,2.9661311356242672,0.9200903931377248,0.9200000000000008
906,1.174822930723812,0.9206615166865416,0.9200000000000008
907,2.152099700596656,0.9208632012996808,0.9200000000000008
908,1.737233769060658,0.921033488397052,0.9200000000000008
909,1.9598663301463508,0.918630031091328,0.9200000000000008
910,2.564868173703528,0.9209527756361772,0.9200000000000008
911,2.795445573419721,0.9207075518763609,0.9200000000000008
912,2.447365185610601,0.21713954558510476,0.9200000000000008
913,3.3971217582567363,0.043038253881817146,0.9200000000000008
914,2.137468281285228,0.9192793327759776,0.9200000000000008
915,2.178136868847345,0.9184896004282466,0.9200000000000008
916,1.1904974983820418,0.9184515505457052,0.9200000000000008
917,2.050330679662305,0.9210763788661859,0.9200000000000008
918,1.1723581136478125,0.9199016532479984,0.9200000000000008
919,1.850942141505996,0.9198781705085332,0.9200000000000008
920,1.669413276806916,0.9195351373355928,0.9200000000000008
921,3.5150989954871017,0.91853727809686,0.9200000000000008
922,1.9617912944274436,0.9207724392620282,0.9200000000000008
923,2.1685335181178957,0.9188879127402836,0.9200000000000008
924,1.5015812333891014,0.9206059625862808,0.9200000000000008
925,1.309097720429346,0.9190092560598816,0.9200000000000008
926,2.4167791019481384,0.9185423298023024,0.9200000000000008
927,2.5020882594601077,0.9204247348658291,0.9200000000000008
928,2.8125414286226857,0.9186623264373844,0.9200000000000008
929,2.944686567356348,0.9180466532951028,0.9200000000000008
930,3.2157773851605564,0.12779886101998006,0.9200000000000008
931,3.256762003560261,0.91888015304997,0.9200000000000008
932,1.8058646629843007,0.9200596101062609,0.9200000000000008
933,1.7771164576392222,0.91713913639946,0.9200000000000008
934,3.3164150679317896,0.9164970342706262,0.9200000000000008
935,1.233976189245561,0.9190436541989476,0.9200000000000008
936,1.3612961504655887,0.9181603724058296,0.9200000000000008
937,3.7567903805585585,0.9189384203499776,0.9200000000000008
938,2.8437496900340817,0.9181294444083732,0.9200000000000008
939,1.8684305896150903,0.9181449211754064,0.9200000000000008
940,2.0820401600717484,0.9185835231920356,0.9200000000000008
941,2.637340201970197,0.918171826022164,0.9200000000000008
942,3.204317707572696,0.4308387962457756,0.9200000000000008
943,1.468457891444172,0.9196674276786436,0.9200000000000008
944,2.0407098148916103,0.9194495094029854,0.9200000000000008
945,1.844800663390572,0.91975642266586,0.9200000000000008
946,2.5958170560801754,0.9184801679643616,0.9200000000000008
947,2.344618128159357,0.918842094052754,0.9200000000000008
948,1.1875649789553475,0.9191606677220054,0.9200000000000008
949,1.6346383722378381,0.9203692951509984,0.9200000000000008
950,2.8955502184351287,0.92147644289366,0.9200000000000008
951,3.046391449019876,0.919084249406009,0.9200000000000008
952,1.7304325964959384,0.9191339468158058,0.9200000000000008
953,1.457488803853202,0.9179525901595944,0.9200000000000008
954,2.6849359121021816,0.9222695154265372,0.9200000000000008
955,2.233276644741464,0.9189533809391476,0.9200000000000008
956,2.0672663137055607,0.919904986716798,0.9200000000000008
957,3.348274143625732,0.05043722337333967,0.9200000000000008
958,3.3304075716398924,0.9189897714853,0.9200000000000008
959,1.3300907164254452,0.9229639452940246,0.9200000000000008
960,1.897150453444154,0.9175421748484124,0.9200000000000008
961,3.718192577414476,0.9199062435253657,0.9200000000000008
962,3.0085896967239703,0.9190216705671572,0.9200000000000008
963,2.6414051542700108,0.92089791082618,0.9200000000000008
964,2.261402730720468,0.9198063399457841,0.9200000000000008
965,1.4194033037699714,0.918456179945398,0.9200000000000008
966,2.892248111852626,0.9222076119943956,0.9200000000000008
967,2.693214916776664,0.9190185306150308,0.9200000000000008
968,2.7960468427881424,0.9225786954698779,0.9200000000000008
969,1.9898475192130556,0.9182599104687208,0.9200000000000008
970,2.7130102150785764,0.9230928718309468,0.9200000000000008
971,1.919633108345308,0.92039627253811,0.9200000000000008
972,2.081120465047649,0.9189229725902396,0.9200000000000008
973,1.9166953348118372,0.9190449096151009,0.9200000000000008
974,1.5813852908933117,0.9187184475345088,0.9200000000000008
975,2.3107776139046368,0.9191733834338772,0.9200000000000008
976,2.8061972735830185,0.9220839732698716,0.9200000000000008
977,2.06490704019328,0.9189789836865981,0.9200000000000008
978,2.9480672725762953,0.919224425616544,0.9200000000000008
979,1.3348921907544289,0.9193245980607468,0.9200000000000008
980,2.163582462283414,0.919370183706532,0.9200000000000008
981,2.461216534457342,0.9206034751111322,0.9200000000000008
982,3.430907333319744,0.919455617847323,0.9200000000000008
983,2.68375920069662,0.9170185325775656,0.9200000000000008
984,2.012247397157712,0.9214655262895646,0.9200000000000008
985,1.9694511285586591,0.9183229151090906,0.9200000000000008
986,1.2649750243366014,0.9191846391620412,0.9200000000000008
987,1.6706799723654109,0.9205390189951744,0.9200000000000008
988,3.339471836875331,0.9209852400530912,0.9200000000000008
989,2.0702460816800623,0.9185331409725824,0.9200000000000008
990,3.0409872093507118,0.919557537416794,0.9200000000000008
991,2.9927263768683052,0.9209721880905029,0.9200000000000008
992,2.34248195993022,0.9207359489059272,0.9200000000000008
993,1.7024105470631083,0.9200263509723348,0.9200000000000008
994,1.8730558245892368,0.9186552322848482,0.9200000000000008
995,3.5237048881466717,0.9153167464383584,0.9200000000000008
996,2.374533955124232,0.9213656045070606,0.9200000000000008
997,3.2356459861322517,0.9193568743089464,0.9200000000000008
998,2.3642789949186804,0.9184635095531962,0.9200000000000008
999,2.5124863354150966,0.9193164058705712,0.9200000000000008
